-- phpMyAdmin SQL Dump
-- version 4.9.5deb2
-- https://www.phpmyadmin.net/
--
-- Host: localhost:3306
-- Generation Time: Apr 08, 2021 at 04:11 AM
-- Server version: 10.5.9-MariaDB-1:10.5.9+maria~focal
-- PHP Version: 7.4.3

SET SQL_MODE = "NO_AUTO_VALUE_ON_ZERO";
SET AUTOCOMMIT = 0;
START TRANSACTION;
SET time_zone = "+00:00";


/*!40101 SET @OLD_CHARACTER_SET_CLIENT=@@CHARACTER_SET_CLIENT */;
/*!40101 SET @OLD_CHARACTER_SET_RESULTS=@@CHARACTER_SET_RESULTS */;
/*!40101 SET @OLD_COLLATION_CONNECTION=@@COLLATION_CONNECTION */;
/*!40101 SET NAMES utf8mb4 */;

--
-- Database: `dreamhome`
--

-- --------------------------------------------------------

--
-- Table structure for table `advertisement`
--

CREATE TABLE `advertisement` (
  `advertisementID` int(11) NOT NULL,
  `date_advertised` date NOT NULL,
  `name_of_newspaper` varchar(255) NOT NULL,
  `cost` decimal(15,2) NOT NULL,
  `contact_tele_number` varchar(255) NOT NULL,
  `contact_name` varchar(255) NOT NULL,
  `propertyID` int(11) NOT NULL
) ENGINE=InnoDB DEFAULT CHARSET=utf8mb4;

--
-- Dumping data for table `advertisement`
--

INSERT INTO `advertisement` (`advertisementID`, `date_advertised`, `name_of_newspaper`, `cost`, `contact_tele_number`, `contact_name`, `propertyID`) VALUES
(1, '2018-07-26', 'Altavista', '18806.00', '(01675) 50476', 'Karyn K. Mckinney', 50),
(2, '2017-08-05', 'Microsoft', '12281.00', '0317 597 5128', 'Zia M. Perez', 78),
(3, '2018-04-09', 'Sibelius', '10445.00', '0800 1111', 'Brenda G. Gaines', 43),
(4, '2021-04-18', 'Lycos', '671.00', '0904 251 0580', 'Melyssa X. Cook', 182),
(5, '2020-09-03', 'Google', '6627.00', '0845 46 40', 'Kaseem T. Cooley', 81),
(6, '2016-07-30', 'Altavista', '19474.00', '0970 162 8128', 'Genevieve Y. Moody', 193),
(7, '2016-09-16', 'Lycos', '14860.00', '07624 687726', 'Aurelia S. Tyler', 178),
(8, '2018-08-05', 'Borland', '11659.00', '056 0113 5389', 'Conan L. Mason', 37),
(9, '2016-04-22', 'Chami', '6470.00', '07335 583574', 'Austin U. Carlson', 114),
(10, '2022-03-11', 'Altavista', '19688.00', '(0116) 988 7183', 'Erica D. Barker', 122),
(11, '2021-07-14', 'Lycos', '11442.00', '0827 689 4328', 'Keaton E. Todd', 116),
(12, '2015-01-13', 'Google', '3310.00', '(01681) 61603', 'Fiona L. Mckinney', 163),
(13, '2019-10-22', 'Lavasoft', '18307.00', '(018508) 37671', 'Melvin L. Silva', 127),
(14, '2022-03-28', 'Apple Systems', '6882.00', '0800 1111', 'Carolyn B. Delgado', 87),
(15, '2017-06-18', 'Lavasoft', '6889.00', '0800 1111', 'Madeson A. Oneal', 64),
(16, '2018-07-30', 'Finale', '407.00', '0800 1111', 'Aubrey G. Preston', 167),
(17, '2019-04-06', 'Altavista', '5356.00', '0800 1111', 'Lev F. Sweeney', 6),
(18, '2020-09-17', 'Macromedia', '1211.00', '(0101) 449 1338', 'Simon X. Mcclain', 28),
(19, '2021-09-02', 'Apple Systems', '2036.00', '070 9715 0051', 'Chancellor M. Lang', 154),
(20, '2017-09-08', 'Finale', '9620.00', '(016592) 66767', 'Colton M. Gomez', 102),
(21, '2022-01-26', 'Chami', '9718.00', '0500 787623', 'Elvis H. Holloway', 34),
(22, '2021-04-05', 'Lycos', '17307.00', '055 7032 1401', 'Amela W. Hardy', 44),
(23, '2018-01-08', 'Lavasoft', '9856.00', '(01080) 452070', 'Madonna U. Ford', 46),
(24, '2019-12-09', 'Altavista', '19461.00', '0990 868 6148', 'Thor D. Bradford', 97),
(25, '2021-09-06', 'Altavista', '17969.00', '0800 736 3339', 'Blair H. Hammond', 151),
(26, '2021-12-05', 'Finale', '15505.00', '0826 763 1725', 'Rebecca T. Gonzales', 187),
(27, '2018-09-25', 'Chami', '11564.00', '056 9130 4670', 'Brent C. Talley', 26),
(28, '2020-06-24', 'Cakewalk', '11940.00', '(0116) 971 7451', 'Preston B. Lang', 119),
(29, '2017-09-19', 'Macromedia', '8044.00', '(016977) 0608', 'Naida B. Castillo', 99),
(30, '2018-02-08', 'Altavista', '9743.00', '0800 476 9917', 'Madeson M. Chapman', 95),
(31, '2020-01-15', 'Yahoo', '13642.00', '(01419) 73592', 'Maia R. Foreman', 16),
(32, '2017-10-07', 'Lavasoft', '8469.00', '0800 203 6212', 'Galvin W. Oneal', 7),
(33, '2016-05-29', 'Apple Systems', '2781.00', '(016977) 0923', 'Steel S. Erickson', 172),
(34, '2022-01-09', 'Finale', '11783.00', '0326 393 9779', 'Benjamin N. Stone', 177),
(35, '2016-01-21', 'Adobe', '18767.00', '07816 845388', 'Jocelyn G. Matthews', 57),
(36, '2016-10-15', 'Borland', '3670.00', '0500 292543', 'Hiram Z. Mccullough', 22),
(37, '2022-01-31', 'Adobe', '9459.00', '056 8679 0619', 'Minerva F. Holloway', 156),
(38, '2016-10-21', 'Adobe', '15684.00', '076 2517 2147', 'Irene T. Vinson', 181),
(39, '2018-05-09', 'Microsoft', '6113.00', '(0113) 331 2007', 'Axel A. Daniels', 80),
(40, '2020-02-29', 'Lycos', '10014.00', '07449 770717', 'Nicholas V. Puckett', 193),
(41, '2018-05-30', 'Cakewalk', '8784.00', '0907 224 0694', 'Martin R. Bailey', 40),
(42, '2016-03-03', 'Google', '18492.00', '0800 817655', 'Jana W. Weeks', 71),
(43, '2020-02-09', 'Macromedia', '10866.00', '(016977) 8318', 'Flavia U. Crane', 183),
(44, '2021-05-08', 'Adobe', '16685.00', '(01264) 88053', 'Xantha G. Ford', 137),
(45, '2015-12-22', 'Apple Systems', '4083.00', '(0121) 352 9780', 'Thaddeus Z. Mathis', 144),
(46, '2020-01-12', 'Chami', '188.00', '(01466) 986261', 'Tobias A. Fulton', 133),
(47, '2016-11-13', 'Cakewalk', '16202.00', '055 0277 8986', 'Maia P. Levy', 50),
(48, '2016-05-20', 'Microsoft', '19103.00', '0954 087 4726', 'Levi U. Key', 132),
(49, '2016-12-13', 'Altavista', '543.00', '076 2981 0170', 'Brenna U. Tate', 47),
(50, '2020-09-17', 'Borland', '11643.00', '(0151) 839 3069', 'Martina F. Henson', 161),
(51, '2021-08-17', 'Adobe', '280.00', '(01285) 164680', 'Hyatt R. Mendoza', 129),
(52, '2018-08-14', 'Chami', '2002.00', '(01374) 96402', 'Knox L. Petersen', 135),
(53, '2020-04-21', 'Macromedia', '14010.00', '07624 638681', 'Phoebe W. Ramirez', 83),
(54, '2016-09-22', 'Macromedia', '15145.00', '0800 016164', 'Britanney O. Fletcher', 169),
(55, '2018-12-05', 'Apple Systems', '6399.00', '(016977) 6659', 'Kitra X. Collins', 155),
(56, '2021-10-31', 'Chami', '15788.00', '(0161) 155 5479', 'Whilemina Y. Blair', 79),
(57, '2015-05-05', 'Altavista', '5648.00', '(028) 4129 2019', 'Fletcher S. Vance', 94),
(58, '2015-06-16', 'Yahoo', '11429.00', '070 3074 5185', 'Calvin M. Kramer', 3),
(59, '2017-01-19', 'Adobe', '10618.00', '07624 466818', 'Phyllis L. Valentine', 123),
(60, '2020-12-14', 'Sibelius', '14238.00', '(016977) 9442', 'Jordan M. Trevino', 200),
(61, '2019-12-03', 'Apple Systems', '19469.00', '07699 666324', 'Chaney K. Peters', 115),
(62, '2016-03-02', 'Microsoft', '12469.00', '(021) 1173 0207', 'Tanek C. Shields', 191),
(63, '2021-11-04', 'Adobe', '6344.00', '0800 1111', 'Samuel N. Norris', 73),
(64, '2018-11-27', 'Lycos', '13416.00', '0500 958056', 'Farrah Z. Hardy', 1),
(65, '2022-04-07', 'Lycos', '9949.00', '0800 1111', 'Rahim G. Hahn', 30),
(66, '2017-06-20', 'Yahoo', '8671.00', '076 5821 9540', 'Maia G. Alvarado', 160),
(67, '2015-11-26', 'Google', '3203.00', '(01501) 62298', 'Odessa X. Marshall', 26),
(68, '2020-02-20', 'Finale', '9482.00', '0838 451 9394', 'Vielka W. Strong', 199),
(69, '2018-06-06', 'Apple Systems', '9863.00', '0985 021 6744', 'Gloria N. Prince', 13),
(70, '2017-05-05', 'Adobe', '10520.00', '0800 1111', 'Wylie C. Barnett', 177),
(71, '2017-01-11', 'Apple Systems', '15206.00', '(01002) 401353', 'Ava L. Rowe', 180),
(72, '2020-03-18', 'Google', '16120.00', '07106 241835', 'Aline G. Miranda', 138),
(73, '2021-11-19', 'Adobe', '19295.00', '07624 407144', 'Adena R. Curry', 20),
(74, '2018-06-26', 'Adobe', '11140.00', '(0113) 720 0056', 'Haviva S. Clark', 164),
(75, '2017-01-03', 'Lavasoft', '71.00', '07624 376900', 'Audrey S. Adkins', 196),
(76, '2022-03-24', 'Apple Systems', '7623.00', '0800 717 5911', 'Winifred Z. Potts', 85),
(77, '2018-02-02', 'Microsoft', '11302.00', '056 0090 6154', 'Fritz Z. Byrd', 64),
(78, '2020-06-06', 'Yahoo', '15329.00', '0809 614 8415', 'Chadwick Y. Jarvis', 19),
(79, '2016-11-25', 'Sibelius', '12453.00', '056 3532 7251', 'Alexis V. Suarez', 67),
(80, '2021-04-21', 'Cakewalk', '19104.00', '(0181) 623 7766', 'Quin N. Humphrey', 72),
(81, '2017-07-15', 'Borland', '19517.00', '07624 853200', 'Brady R. Jenkins', 86),
(82, '2017-06-01', 'Apple Systems', '4452.00', '(01198) 13123', 'Todd J. Willis', 135),
(83, '2016-06-11', 'Macromedia', '14331.00', '056 9121 9545', 'Catherine T. Hull', 48),
(84, '2018-07-06', 'Apple Systems', '13684.00', '0845 46 40', 'Tatiana T. Petty', 183),
(85, '2015-04-26', 'Borland', '19848.00', '0357 287 7994', 'Zachary T. Wyatt', 55),
(86, '2021-09-26', 'Lycos', '19823.00', '(01683) 82358', 'Rae Q. Jones', 144),
(87, '2020-11-17', 'Google', '15427.00', '(025) 8822 5208', 'Owen B. Mcbride', 131),
(88, '2018-06-10', 'Sibelius', '14724.00', '0800 763 7410', 'Kadeem B. Church', 108),
(89, '2019-09-10', 'Lavasoft', '4739.00', '(0191) 892 5136', 'Jenette N. Stephenson', 3),
(90, '2018-11-22', 'Apple Systems', '17204.00', '076 5326 7244', 'Ashton S. Bridges', 12),
(91, '2022-03-24', 'Macromedia', '10971.00', '07624 576344', 'Shaine G. Santos', 182),
(92, '2016-08-15', 'Adobe', '18422.00', '(01519) 47554', 'Bevis V. Goodman', 188),
(93, '2017-04-27', 'Adobe', '10650.00', '055 3142 8273', 'Ivor D. Nixon', 19),
(94, '2018-06-16', 'Borland', '17186.00', '07624 543054', 'Travis C. Marks', 48),
(95, '2017-09-09', 'Chami', '4746.00', '(0111) 236 1742', 'Barbara M. Odom', 63),
(96, '2016-05-15', 'Yahoo', '3302.00', '(016977) 9712', 'Winter D. Terry', 91),
(97, '2017-09-12', 'Microsoft', '13294.00', '(01438) 261228', 'Minerva X. Olson', 183),
(98, '2017-11-09', 'Google', '5120.00', '(01555) 039564', 'Vance B. Carroll', 180),
(99, '2015-12-28', 'Sibelius', '16084.00', '(0111) 196 3397', 'Heidi Z. Griffin', 200),
(100, '2015-08-26', 'Lycos', '14299.00', '(0141) 436 7853', 'Ahmed U. Ellis', 180);

-- --------------------------------------------------------

--
-- Table structure for table `branch`
--

CREATE TABLE `branch` (
  `branchID` int(11) NOT NULL,
  `branchNumber` varchar(255) NOT NULL,
  `branchAddress` varchar(255) NOT NULL,
  `managerID` int(11) NOT NULL
) ENGINE=InnoDB DEFAULT CHARSET=utf8mb4;

--
-- Dumping data for table `branch`
--

INSERT INTO `branch` (`branchID`, `branchNumber`, `branchAddress`, `managerID`) VALUES
(877, 'UYM6', 'CT', 348),
(878, 'IAX1', 'Michigan', 400),
(879, 'LJZ4', 'MO', 393),
(880, 'NXG8', 'MS', 396),
(881, 'DFZ1', 'Illinois', 391),
(882, 'JBL8', 'Iowa', 387),
(883, 'ZKI9', 'NE', 399),
(884, 'YBS8', 'MO', 380),
(885, 'PIL9', 'California', 392),
(886, 'YNH8', 'Virginia', 395);

-- --------------------------------------------------------

--
-- Table structure for table `client`
--

CREATE TABLE `client` (
  `clientID` int(11) NOT NULL,
  `client_number` varchar(255) NOT NULL,
  `full_name` varchar(255) NOT NULL,
  `required_property_type` varchar(255) NOT NULL,
  `max_rent` decimal(15,2) NOT NULL,
  `registration_date` date NOT NULL,
  `branchID` int(11) NOT NULL,
  `tele_number` varchar(255) NOT NULL,
  `registeredByStaff` int(11) NOT NULL
) ENGINE=InnoDB DEFAULT CHARSET=utf8mb4;

--
-- Dumping data for table `client`
--

INSERT INTO `client` (`clientID`, `client_number`, `full_name`, `required_property_type`, `max_rent`, `registration_date`, `branchID`, `tele_number`, `registeredByStaff`) VALUES
(1, '48196', 'Aquila I. Spencer', 'house', '5513.00', '2019-11-19', 885, '055 6377 3878', 265),
(2, '41326', 'Kameko V. Andrews', 'triplex', '9086.00', '2014-07-04', 879, '(01196) 902685', 260),
(3, '14825', 'Kuame Z. Roberts', 'triplex', '1335.00', '2021-12-01', 879, '(01346) 603426', 269),
(4, '01207', 'Courtney S. Wilcox', 'duplex', '5762.00', '2013-10-17', 881, '0934 652 9354', 390),
(5, '28930', 'Bethany D. Leblanc', 'triplex', '2876.00', '2013-01-22', 879, '(01664) 27833', 296),
(6, '28100', 'Darryl C. Murray', 'duplex', '5993.00', '2011-05-08', 879, '0358 890 2532', 280),
(7, '70636', 'Lester W. Orr', 'flat', '7347.00', '2015-09-05', 884, '056 0295 4048', 299),
(8, '40927', 'Nerea F. Mckenzie', 'triplex', '7088.00', '2012-03-19', 877, '0317 872 8372', 214),
(9, '05131', 'Denise W. Hensley', 'duplex', '5049.00', '2021-07-06', 877, '0962 067 3349', 243),
(10, '82801', 'Garrison O. Gross', 'triplex', '6322.00', '2011-09-24', 885, '055 7061 4833', 338),
(11, '00463', 'Cathleen E. Mcbride', 'house', '1108.00', '2014-01-04', 877, '0500 087559', 294),
(12, '96238', 'Melvin Y. Baldwin', 'triplex', '2592.00', '2021-10-30', 886, '0800 949 8493', 289),
(13, '85979', 'Adrian E. Haney', 'flat', '9568.00', '2013-05-29', 883, '0845 46 46', 394),
(14, '82468', 'Burke S. William', 'duplex', '8903.00', '2020-04-15', 881, '0800 1111', 282),
(15, '72851', 'Abraham D. Johnson', 'flat', '6975.00', '2012-09-13', 879, '070 1349 4220', 295),
(16, '12038', 'Zeus P. Floyd', 'house', '6754.00', '2018-01-07', 877, '(014059) 26060', 237),
(17, '29014', 'Lars V. Davis', 'house', '7052.00', '2021-01-01', 877, '0845 46 46', 214),
(18, '37214', 'Darryl Z. Potter', 'triplex', '9279.00', '2021-09-09', 878, '076 6757 4072', 284),
(19, '65396', 'Cleo L. Hensley', 'triplex', '9754.00', '2012-01-19', 882, '0800 192 1302', 273),
(20, '23228', 'Judah U. Walker', 'flat', '4214.00', '2011-12-28', 882, '0800 283131', 231),
(21, '63131', 'Linda U. Malone', 'house', '7304.00', '2015-05-30', 879, '(0121) 760 1387', 296),
(22, '14976', 'Sacha K. Sparks', 'flat', '5554.00', '2020-05-14', 886, '070 6037 4076', 318),
(23, '10176', 'Giacomo D. Melton', 'triplex', '2619.00', '2013-02-19', 883, '(013795) 28529', 331),
(24, '45584', 'Branden U. Whitney', 'house', '4030.00', '2012-07-25', 880, '0800 1111', 250),
(25, '54007', 'Fallon M. Ray', 'duplex', '5282.00', '2011-06-22', 880, '(01048) 28949', 364),
(26, '35739', 'Phelan C. Alston', 'triplex', '8752.00', '2020-12-31', 884, '(01217) 889480', 281),
(27, '79248', 'Quin A. Cabrera', 'duplex', '2087.00', '2015-11-09', 882, '(022) 7125 4208', 231),
(28, '78146', 'Elvis N. Davis', 'triplex', '93.00', '2019-08-27', 881, '0800 473618', 277),
(29, '99398', 'Yoshi J. Benson', 'house', '61.00', '2017-08-08', 885, '(0151) 142 0111', 323),
(30, '74932', 'Hayes B. Vang', 'triplex', '4186.00', '2016-06-08', 882, '0371 031 1569', 275),
(31, '05681', 'Hamilton W. Hale', 'flat', '5222.00', '2012-07-27', 883, '0337 638 8248', 383),
(32, '82495', 'Imani T. Lang', 'triplex', '9388.00', '2018-02-06', 880, '0825 762 9792', 377),
(33, '13008', 'Ali U. Adkins', 'flat', '8662.00', '2013-06-16', 878, '076 3106 8687', 358),
(34, '45641', 'Carolyn A. Beasley', 'duplex', '1208.00', '2012-03-15', 877, '076 1649 9576', 214),
(35, '18946', 'Remedios H. Summers', 'flat', '7011.00', '2012-08-24', 879, '(0161) 577 8895', 269),
(36, '03941', 'Raphael S. Vega', 'duplex', '4413.00', '2016-12-25', 878, '070 2237 4068', 329),
(37, '04333', 'Shafira F. Dixon', 'flat', '7327.00', '2010-05-13', 879, '0845 46 49', 257),
(38, '67111', 'Odysseus O. Pitts', 'house', '7561.00', '2010-12-27', 881, '0316 029 4895', 341),
(39, '65656', 'Charity C. Best', 'flat', '9502.00', '2018-08-30', 883, '0800 105 6039', 339),
(40, '77219', 'Nerea D. Hayes', 'duplex', '9783.00', '2021-02-09', 879, '(024) 1491 1739', 343),
(41, '05489', 'Ella Z. Nunez', 'triplex', '5889.00', '2010-06-07', 886, '0800 1111', 384),
(42, '93370', 'Zia U. Sykes', 'flat', '5906.00', '2016-12-24', 882, '0902 690 0262', 344),
(43, '34410', 'Forrest R. Park', 'flat', '122.00', '2012-11-26', 884, '07181 016431', 354),
(44, '83827', 'Tasha Y. Solomon', 'triplex', '3558.00', '2018-12-18', 877, '070 0918 4926', 220),
(45, '17624', 'Benedict G. Mathews', 'house', '6917.00', '2017-09-26', 883, '0500 898354', 397),
(46, '86206', 'Henry G. Baird', 'duplex', '4222.00', '2014-05-26', 881, '0500 020593', 341),
(47, '37404', 'Amethyst P. Hampton', 'flat', '6849.00', '2016-09-15', 882, '076 5295 0239', 292),
(48, '86568', 'Elton P. Serrano', 'house', '3116.00', '2021-08-18', 886, '0800 1111', 332),
(49, '69208', 'Levi R. Frost', 'house', '3073.00', '2013-03-10', 880, '0800 1111', 377),
(50, '42094', 'Arden Q. Wallace', 'duplex', '1511.00', '2011-01-01', 881, '0800 669605', 349),
(51, '63257', 'Avram A. Crawford', 'duplex', '168.00', '2015-10-14', 880, '(01992) 690038', 388),
(52, '85781', 'Wyatt D. Mcgee', 'triplex', '6961.00', '2014-02-06', 879, '0306 174 4801', 280),
(53, '56407', 'Keegan N. Bray', 'flat', '75.00', '2010-07-16', 878, '056 2090 1047', 329),
(54, '70290', 'Lael L. Cooley', 'triplex', '830.00', '2011-10-06', 884, '(01876) 21866', 334),
(55, '24540', 'Hillary J. Cohen', 'flat', '6773.00', '2016-04-10', 878, '(016977) 4990', 321),
(56, '96388', 'Jesse U. Bray', 'flat', '118.00', '2019-05-21', 886, '(0116) 834 0270', 376),
(57, '07817', 'Rosalyn P. Pace', 'triplex', '5953.00', '2012-12-10', 883, '0892 147 6977', 293),
(58, '98156', 'Blaine V. Cameron', 'triplex', '4047.00', '2011-12-14', 880, '0800 1111', 350),
(59, '22025', 'Kato J. Preston', 'duplex', '9691.00', '2018-10-31', 882, '0800 171140', 310),
(60, '43469', 'Quinn V. Dotson', 'triplex', '437.00', '2019-10-16', 883, '0800 1111', 259),
(61, '28764', 'Ingrid H. Burt', 'triplex', '2716.00', '2013-01-17', 886, '(01969) 42506', 363),
(62, '90531', 'Justina F. Riggs', 'flat', '7137.00', '2019-09-12', 883, '0940 671 6267', 291),
(63, '96808', 'Bertha P. Hendricks', 'triplex', '6807.00', '2022-02-09', 882, '0500 755461', 273),
(64, '34301', 'Octavius M. Mckee', 'house', '2675.00', '2018-02-15', 883, '056 8124 2236', 394),
(65, '21500', 'Kadeem G. Erickson', 'flat', '8273.00', '2016-09-30', 882, '055 4185 7025', 344),
(66, '40503', 'Zia S. Craig', 'duplex', '9996.00', '2021-06-15', 880, '(01179) 893320', 314),
(67, '90888', 'Freya C. Valentine', 'triplex', '2823.00', '2015-05-23', 882, '0800 1111', 311),
(68, '66704', 'Marshall J. Stanton', 'triplex', '2882.00', '2016-07-14', 885, '0800 1111', 212),
(69, '24982', 'Hedwig F. Fernandez', 'house', '4239.00', '2012-07-18', 877, '(024) 5099 6088', 211),
(70, '27568', 'John E. Long', 'house', '939.00', '2017-10-20', 881, '0313 076 1767', 382),
(71, '35575', 'Shelby K. Farrell', 'flat', '1036.00', '2017-09-23', 882, '0868 639 3509', 333),
(72, '17583', 'Chadwick L. Carlson', 'duplex', '7575.00', '2020-10-16', 885, '055 4307 8934', 320),
(73, '73563', 'Porter B. Nielsen', 'duplex', '8770.00', '2010-12-30', 882, '076 5489 9015', 333),
(74, '14443', 'Adrian M. Stone', 'flat', '7310.00', '2015-09-04', 881, '076 3500 5856', 317),
(75, '60391', 'Bell D. Berg', 'house', '7537.00', '2017-01-26', 883, '0500 076462', 249),
(76, '47466', 'Vance T. Lewis', 'duplex', '9707.00', '2020-08-25', 877, '070 2158 8899', 286),
(77, '73242', 'Iola R. Salinas', 'house', '6937.00', '2010-04-30', 882, '07624 218050', 292),
(78, '61861', 'Jamalia B. Massey', 'house', '5264.00', '2018-09-24', 877, '(01160) 55554', 211),
(79, '18678', 'Sawyer U. Oneill', 'triplex', '270.00', '2018-09-10', 881, '056 1014 9997', 390),
(80, '89354', 'Kimberley A. Hurst', 'triplex', '629.00', '2015-08-26', 882, '(0191) 133 2338', 311),
(81, '99822', 'Whoopi C. Hanson', 'duplex', '8296.00', '2020-11-23', 884, '0800 1111', 336),
(82, '31164', 'Zorita L. Roberson', 'triplex', '444.00', '2012-07-27', 879, '07220 675199', 343),
(83, '56433', 'Keith V. Henson', 'flat', '7662.00', '2020-12-20', 884, '0800 1111', 234),
(84, '59651', 'Zoe X. Ryan', 'duplex', '5077.00', '2014-11-07', 882, '0800 1111', 385),
(85, '65194', 'Marshall L. Cannon', 'triplex', '2851.00', '2016-05-27', 886, '0873 451 4074', 332),
(86, '97910', 'Summer K. Cervantes', 'duplex', '5479.00', '2021-06-11', 878, '(01634) 80033', 329),
(87, '64007', 'Candice B. Saunders', 'triplex', '9554.00', '2016-11-28', 883, '07624 003430', 288),
(88, '46974', 'Ava O. Thomas', 'triplex', '3110.00', '2017-02-13', 882, '(026) 4601 0844', 292),
(89, '60112', 'Ivor H. Brown', 'house', '4413.00', '2016-03-27', 880, '(01169) 832248', 359),
(90, '49127', 'Fuller S. Love', 'duplex', '9311.00', '2017-03-22', 886, '(0119) 020 5909', 384),
(91, '07694', 'Lane S. Mendez', 'house', '2467.00', '2016-03-06', 879, '(0113) 760 2256', 324),
(92, '92650', 'Latifah P. Bauer', 'duplex', '2545.00', '2012-02-14', 879, '055 5672 5305', 248),
(93, '98029', 'Hayden Y. Dudley', 'flat', '6363.00', '2017-09-28', 878, '055 1368 3678', 303),
(94, '05020', 'Octavia W. Manning', 'duplex', '5023.00', '2011-11-19', 877, '0800 027652', 220),
(95, '04594', 'Scarlet E. Schmidt', 'flat', '260.00', '2021-05-30', 884, '070 2199 1219', 373),
(96, '43570', 'Garrison P. Bean', 'house', '651.00', '2019-11-22', 884, '(01104) 54853', 256),
(97, '63067', 'Judith K. English', 'duplex', '6305.00', '2017-03-26', 882, '055 2478 4614', 370),
(98, '81233', 'Zachery H. Huff', 'duplex', '485.00', '2015-01-17', 877, '0800 715 7358', 319),
(99, '56706', 'Bevis G. Manning', 'duplex', '2546.00', '2012-05-12', 885, '0800 659836', 245),
(100, '22386', 'Deirdre P. Fox', 'duplex', '8402.00', '2021-05-29', 884, '0992 801 4306', 357),
(101, '07091', 'Randall F. Whitfield', 'house', '4784.00', '2021-06-13', 884, '(022) 9202 3868', 347),
(102, '66148', 'Mari M. Riggs', 'house', '8124.00', '2021-09-26', 883, '(0112) 031 9524', 351),
(103, '80795', 'Brenna N. Beasley', 'flat', '1804.00', '2016-11-05', 883, '(026) 8053 4546', 351),
(104, '22999', 'Keelie T. Horn', 'house', '682.00', '2011-05-13', 885, '(0111) 761 2536', 308),
(105, '75438', 'Gareth H. Wolfe', 'house', '7835.00', '2018-12-16', 881, '0845 46 43', 379),
(106, '39203', 'Vaughan L. Rojas', 'house', '6762.00', '2021-08-10', 882, '0800 853 3991', 226),
(107, '79418', 'Azalia J. Key', 'flat', '9673.00', '2011-02-13', 879, '0822 775 4252', 270),
(108, '28347', 'Josephine S. Barton', 'duplex', '235.00', '2014-06-05', 878, '(01938) 487796', 321),
(109, '68666', 'Whoopi H. Holland', 'house', '9306.00', '2012-11-03', 878, '(016977) 4864', 345),
(110, '29550', 'Evangeline A. Mayer', 'duplex', '6435.00', '2012-01-12', 878, '0500 651111', 303),
(111, '03860', 'Frances J. Garcia', 'house', '8848.00', '2016-06-09', 877, '0329 300 0706', 220),
(112, '92827', 'Joel H. Spence', 'triplex', '3749.00', '2022-03-08', 880, '(01011) 626347', 322),
(113, '82850', 'Ali R. Moody', 'duplex', '3384.00', '2016-12-07', 878, '055 1828 9588', 258),
(114, '31480', 'Samuel W. Matthews', 'duplex', '5087.00', '2019-06-04', 886, '0966 137 6495', 363),
(115, '69728', 'Karen S. Bell', 'duplex', '6976.00', '2019-10-15', 884, '(021) 5579 9447', 354),
(116, '57426', 'Darrel Q. Benton', 'duplex', '3149.00', '2015-08-28', 880, '(01752) 017575', 251),
(117, '81357', 'Gil A. Moses', 'duplex', '2929.00', '2017-10-16', 880, '0338 892 9668', 388),
(118, '51593', 'Bradley S. Knowles', 'flat', '7797.00', '2022-01-30', 884, '0800 393249', 234),
(119, '88549', 'Merritt N. Maxwell', 'duplex', '2518.00', '2018-06-11', 878, '0896 455 3512', 303),
(120, '77183', 'Britanney W. Pate', 'duplex', '4737.00', '2011-05-02', 884, '(01029) 89330', 268),
(121, '51269', 'Felicia Z. Reilly', 'flat', '5447.00', '2012-08-22', 880, '0845 46 41', 250),
(122, '54485', 'Rama X. Douglas', 'duplex', '8212.00', '2011-09-20', 881, '0800 1111', 390),
(123, '97491', 'Harding S. Chambers', 'triplex', '6609.00', '2021-10-13', 879, '(01327) 759090', 269),
(124, '44501', 'Neil H. James', 'duplex', '7236.00', '2016-08-07', 882, '0800 1111', 231),
(125, '25719', 'Daphne J. Burgess', 'flat', '8968.00', '2020-10-16', 881, '0374 825 8603', 277),
(126, '90571', 'Paul P. Wong', 'flat', '9563.00', '2013-11-24', 884, '0800 1111', 336),
(127, '05062', 'Iris C. Cleveland', 'triplex', '4092.00', '2012-08-19', 882, '0800 771 1243', 386),
(128, '48329', 'Jessica G. Blanchard', 'house', '8936.00', '2022-03-22', 877, '(026) 4650 9235', 309),
(129, '08285', 'Jaden E. Lamb', 'duplex', '8131.00', '2019-09-05', 880, '(01787) 88018', 359),
(130, '59000', 'Hedy D. Briggs', 'duplex', '4743.00', '2010-08-17', 881, '0845 46 49', 230),
(131, '25965', 'Keaton U. Cameron', 'triplex', '8311.00', '2016-12-19', 886, '0332 660 2202', 352),
(132, '79908', 'Melodie P. Gilbert', 'house', '3163.00', '2017-04-19', 880, '(016977) 5029', 364),
(133, '04075', 'Alexa F. Park', 'flat', '4796.00', '2018-11-22', 883, '07624 024176', 331),
(134, '96325', 'Evelyn D. Solis', 'triplex', '6885.00', '2019-12-08', 886, '(016977) 1864', 307),
(135, '75967', 'Rylee R. Herring', 'house', '9086.00', '2019-03-09', 883, '(016977) 9987', 288),
(136, '66950', 'Peter A. Wolfe', 'duplex', '4567.00', '2017-01-23', 879, '(016977) 7934', 260),
(137, '44165', 'Rhoda V. Buckley', 'triplex', '8959.00', '2018-02-26', 882, '07160 366294', 226),
(138, '13752', 'Denton M. Dorsey', 'house', '5619.00', '2020-08-03', 883, '055 1591 6867', 285),
(139, '07448', 'Garrison A. Pierce', 'duplex', '7540.00', '2010-09-19', 886, '0800 1111', 267),
(140, '15942', 'Hamish O. Pruitt', 'house', '2838.00', '2021-06-04', 879, '0500 611042', 346),
(141, '59252', 'Drew G. Bright', 'duplex', '9701.00', '2020-10-29', 886, '076 1286 7581', 233),
(142, '89000', 'Blossom M. Richards', 'house', '1762.00', '2013-06-27', 883, '07624 526913', 288),
(143, '38099', 'Sloane J. Coleman', 'triplex', '3689.00', '2012-03-31', 877, '076 5205 2059', 309),
(144, '42448', 'Hammett R. Francis', 'duplex', '4701.00', '2021-03-03', 880, '055 7265 1433', 377),
(145, '74981', 'Beverly D. Joyner', 'triplex', '4273.00', '2010-07-13', 882, '(0131) 825 8713', 370),
(146, '15375', 'Kuame S. Gilmore', 'house', '7426.00', '2019-10-28', 881, '(01734) 012572', 277),
(147, '26927', 'Amal Q. Navarro', 'flat', '3667.00', '2013-03-10', 880, '076 6708 7361', 377),
(148, '36773', 'Scarlet X. Bauer', 'flat', '3974.00', '2011-07-17', 882, '(023) 7630 8061', 333),
(149, '48322', 'Garth E. Gardner', 'duplex', '6337.00', '2012-06-05', 884, '0850 984 9050', 262),
(150, '42674', 'Aurora Y. Faulkner', 'triplex', '3776.00', '2010-09-01', 884, '0845 46 42', 378),
(151, '25973', 'Rogan B. Rodriguez', 'house', '8447.00', '2016-11-28', 885, '0317 849 5483', 312),
(152, '32812', 'Hadassah Y. Chen', 'duplex', '7499.00', '2020-07-27', 884, '(016977) 3647', 360),
(153, '50758', 'Hadley X. Sellers', 'house', '7465.00', '2019-11-02', 879, '0800 1111', 324),
(154, '55531', 'Jeanette F. Jackson', 'flat', '1803.00', '2020-01-21', 881, '0800 982624', 371),
(155, '92195', 'Gabriel H. Mendez', 'triplex', '7109.00', '2022-02-13', 882, '(015739) 75140', 333),
(156, '03459', 'Lewis C. Mcpherson', 'triplex', '7057.00', '2011-10-22', 884, '07848 872025', 225),
(157, '14667', 'Rosalyn G. Warren', 'house', '431.00', '2020-04-25', 880, '0873 916 3263', 250),
(158, '71116', 'Karly J. Shelton', 'house', '1773.00', '2010-06-18', 884, '055 5404 2250', 347),
(159, '66637', 'Courtney U. Ward', 'house', '6070.00', '2019-07-31', 883, '(010395) 92135', 394),
(160, '14604', 'Yardley R. Barlow', 'duplex', '5409.00', '2015-05-29', 881, '07624 695622', 277),
(161, '06913', 'Lana O. Guthrie', 'triplex', '4461.00', '2010-12-15', 883, '0845 46 42', 372),
(162, '79548', 'Derek W. Daugherty', 'duplex', '4628.00', '2018-07-22', 879, '0343 673 5108', 290),
(163, '96894', 'Tucker G. Barry', 'duplex', '5555.00', '2012-02-17', 880, '(01104) 52761', 350),
(164, '72002', 'Brenda U. Everett', 'duplex', '2495.00', '2013-08-06', 879, '(01318) 48899', 257),
(165, '84909', 'Marcia N. Richards', 'duplex', '9300.00', '2013-02-22', 879, '(01382) 45443', 346),
(166, '54787', 'Larissa V. Robinson', 'duplex', '5852.00', '2016-01-07', 883, '0800 1111', 383),
(167, '01947', 'Shana Z. Bass', 'duplex', '5387.00', '2010-10-31', 880, '(0118) 972 0529', 301),
(168, '34557', 'Cameron S. Hebert', 'duplex', '5448.00', '2018-05-02', 881, '0960 095 6537', 365),
(169, '71559', 'Madeson A. Ortiz', 'duplex', '7483.00', '2020-04-24', 881, '(0114) 269 4758', 379),
(170, '28442', 'Yetta U. Savage', 'flat', '2450.00', '2014-07-14', 878, '0845 46 45', 342),
(171, '96707', 'Basia P. Lancaster', 'triplex', '5825.00', '2019-04-15', 881, '(016977) 1505', 302),
(172, '17199', 'Destiny J. Mason', 'house', '777.00', '2017-07-09', 882, '055 4955 1722', 361),
(173, '91994', 'Hall G. Potter', 'duplex', '6924.00', '2020-11-13', 885, '(0161) 277 3915', 238),
(174, '34841', 'Hillary S. Santos', 'flat', '9827.00', '2013-02-21', 877, '0800 813842', 319),
(175, '12247', 'Leila R. Cross', 'duplex', '4750.00', '2015-01-19', 878, '070 4554 3481', 284),
(176, '18682', 'Troy E. Orr', 'house', '8689.00', '2020-12-11', 882, '056 1726 2090', 333),
(177, '95577', 'Kimberley Q. May', 'house', '2510.00', '2019-08-11', 883, '055 4235 7889', 249),
(178, '20504', 'Jamalia Z. Manning', 'triplex', '9495.00', '2020-10-16', 880, '(01558) 841543', 359),
(179, '19823', 'Keiko U. Barron', 'duplex', '8151.00', '2015-03-25', 885, '076 5756 2885', 323),
(180, '26579', 'Fritz Z. Gould', 'triplex', '3834.00', '2020-10-27', 882, '07624 397526', 231),
(181, '20365', 'Odette U. Barrera', 'flat', '6860.00', '2010-05-16', 883, '(01023) 360464', 339),
(182, '91547', 'Nell B. Levy', 'triplex', '2096.00', '2018-07-22', 877, '055 9695 6983', 243),
(183, '30505', 'Kylee I. Kent', 'duplex', '2480.00', '2019-02-20', 885, '(01508) 54135', 362),
(184, '17673', 'Kristen G. Brewer', 'triplex', '3313.00', '2013-08-12', 880, '(01339) 434955', 388),
(185, '16166', 'Lila P. Mayo', 'flat', '6755.00', '2017-03-30', 877, '070 0341 6239', 252),
(186, '01836', 'Denton Y. Calhoun', 'triplex', '6241.00', '2020-11-03', 885, '0803 115 4527', 264),
(187, '35850', 'Jessica S. Aguilar', 'triplex', '3296.00', '2019-10-30', 885, '(01900) 692845', 222),
(188, '67460', 'Mona H. Burris', 'triplex', '9569.00', '2013-04-23', 878, '0500 136637', 300),
(189, '13091', 'Yuli V. Alvarado', 'triplex', '1892.00', '2021-08-06', 883, '055 8003 6116', 249),
(190, '81496', 'Cadman A. Whitley', 'duplex', '1188.00', '2015-02-08', 883, '07624 765065', 285),
(191, '69976', 'Amethyst O. Murphy', 'duplex', '520.00', '2014-10-10', 879, '(01439) 043538', 367),
(192, '26040', 'Dennis V. Hardin', 'house', '1627.00', '2014-05-24', 884, '0800 718674', 281),
(193, '11766', 'Orli V. Salinas', 'flat', '4088.00', '2020-05-14', 886, '076 1672 0107', 340),
(194, '39443', 'Clare C. Moon', 'duplex', '8699.00', '2012-08-20', 885, '(021) 8718 6839', 338),
(195, '83859', 'Leslie M. Buchanan', 'duplex', '3390.00', '2014-08-13', 879, '07320 491029', 346),
(196, '57752', 'Anika N. Smith', 'house', '3411.00', '2011-07-01', 877, '056 0940 4408', 214),
(197, '41011', 'Mannix O. Fry', 'duplex', '9497.00', '2013-03-03', 883, '0983 230 6255', 247),
(198, '94899', 'Savannah N. Duke', 'duplex', '5420.00', '2013-05-02', 882, '(016977) 5262', 236),
(199, '26503', 'Thaddeus T. Giles', 'duplex', '9520.00', '2017-08-20', 880, '(01230) 912936', 388),
(200, '49476', 'Bradley S. Mendoza', 'triplex', '3101.00', '2021-01-23', 877, '(01576) 220544', 243),
(201, '93904', 'Wendy H. Key', 'flat', '432.00', '2012-07-18', 880, '07624 645724', 364),
(202, '70189', 'Baker Q. Cruz', 'duplex', '3152.00', '2017-11-02', 886, '0845 689 8883', 376),
(203, '93186', 'Griffith P. Rodgers', 'duplex', '8136.00', '2012-05-29', 884, '0309 204 4503', 360),
(204, '52568', 'Stone D. Bradley', 'house', '7605.00', '2021-11-22', 886, '0300 456 2400', 287),
(205, '28761', 'Violet S. Valdez', 'triplex', '4169.00', '2019-03-17', 885, '0873 385 6967', 320),
(206, '79244', 'Cameron G. Potter', 'house', '1068.00', '2012-05-06', 880, '(016977) 9108', 350),
(207, '29294', 'Charity R. Cox', 'triplex', '3622.00', '2010-07-28', 880, '0349 612 8240', 271),
(208, '06267', 'Steven G. Bentley', 'flat', '5918.00', '2018-01-10', 879, '(0116) 981 4147', 276),
(209, '56959', 'Erich T. Curry', 'triplex', '805.00', '2012-11-19', 885, '(019622) 38870', 328),
(210, '58255', 'Justina N. Ashley', 'house', '9408.00', '2015-04-06', 885, '(0112) 990 7997', 264),
(211, '89922', 'Abdul Q. Cleveland', 'flat', '2677.00', '2012-07-24', 877, '(01282) 959804', 214),
(212, '84048', 'Oliver S. Chan', 'flat', '2898.00', '2020-07-10', 885, '07955 525469', 222),
(213, '54417', 'Gray F. Mckinney', 'triplex', '1916.00', '2022-03-30', 884, '(01137) 90698', 357),
(214, '90552', 'Lucian M. Harvey', 'house', '74.00', '2016-07-16', 877, '0500 121315', 286),
(215, '85328', 'Callie Z. Houston', 'triplex', '1692.00', '2021-01-10', 877, '0954 507 2661', 211),
(216, '77855', 'Claire I. Castro', 'flat', '1764.00', '2016-05-05', 884, '0800 080763', 373),
(217, '47859', 'Noelle P. Mcconnell', 'house', '693.00', '2013-10-26', 879, '0925 015 0867', 367),
(218, '55009', 'Kibo S. Mathis', 'triplex', '4935.00', '2011-02-09', 880, '0350 656 5790', 322),
(219, '49125', 'Violet L. Dorsey', 'duplex', '2776.00', '2021-05-09', 884, '0864 685 8314', 225),
(220, '65299', 'Quail A. Preston', 'house', '7391.00', '2016-02-21', 879, '0845 46 47', 296),
(221, '24778', 'Rudyard B. Atkins', 'duplex', '9581.00', '2017-01-15', 886, '(026) 1815 3783', 267),
(222, '99290', 'Todd Q. Pope', 'duplex', '7781.00', '2010-10-05', 886, '076 8343 5087', 318),
(223, '52958', 'Bernard Z. Olson', 'triplex', '3859.00', '2018-07-05', 882, '055 4325 6078', 386),
(224, '09654', 'Amela P. Cohen', 'triplex', '9560.00', '2014-04-16', 883, '(01993) 425595', 326),
(225, '71380', 'Slade M. Ware', 'triplex', '754.00', '2013-01-20', 880, '0800 1111', 377),
(226, '85265', 'Ralph P. Garrett', 'flat', '1189.00', '2010-04-03', 879, '(014917) 89954', 257),
(227, '31453', 'Wynne L. Lowe', 'duplex', '349.00', '2014-06-19', 879, '0800 1111', 248),
(228, '17605', 'Wayne U. Barker', 'triplex', '1538.00', '2021-07-28', 877, '0500 213809', 237),
(229, '02545', 'Janna D. Lane', 'duplex', '7378.00', '2010-07-25', 882, '0800 1111', 315),
(230, '59886', 'Hammett G. Nielsen', 'triplex', '4106.00', '2010-12-05', 884, '0800 221 3033', 336),
(231, '44451', 'Cecilia Y. Stanton', 'duplex', '5613.00', '2016-05-06', 885, '(010074) 73069', 323),
(232, '47744', 'Ishmael X. Small', 'triplex', '8845.00', '2013-10-23', 886, '07624 091771', 267),
(233, '28871', 'Cade G. Grant', 'duplex', '9123.00', '2020-01-06', 880, '055 4488 3285', 301),
(234, '10110', 'Autumn R. Kline', 'triplex', '3025.00', '2011-10-30', 882, '055 9161 5540', 311),
(235, '37814', 'Gareth N. Cooley', 'house', '7393.00', '2016-10-02', 884, '0845 46 48', 268),
(236, '53805', 'Devin B. Hernandez', 'flat', '1442.00', '2014-05-13', 877, '(0115) 057 1881', 211),
(237, '87776', 'Ira P. Swanson', 'house', '1566.00', '2012-02-15', 878, '07169 943486', 358),
(238, '25784', 'Raya G. Ellis', 'house', '9602.00', '2020-08-21', 880, '(0110) 855 4025', 301),
(239, '70613', 'Myles W. Sherman', 'duplex', '1243.00', '2020-12-23', 878, '(01868) 78263', 327),
(240, '23496', 'Adrian H. Richmond', 'duplex', '9686.00', '2010-04-23', 877, '0369 143 7070', 337),
(241, '84153', 'Dawn O. Reed', 'triplex', '6534.00', '2015-08-02', 884, '0500 649757', 334),
(242, '32802', 'Isaiah L. Barnett', 'triplex', '2984.00', '2010-11-28', 878, '07624 727576', 261),
(243, '12438', 'Ray B. Gentry', 'house', '1690.00', '2016-03-01', 886, '07624 790553', 363),
(244, '86087', 'Galena X. Kerr', 'flat', '5185.00', '2014-09-20', 877, '(016977) 1802', 252),
(245, '79404', 'Wynne C. Lester', 'house', '401.00', '2012-07-09', 886, '055 6932 3445', 289),
(246, '05470', 'Olga W. Harris', 'flat', '5519.00', '2018-09-03', 883, '0845 46 42', 291),
(247, '47527', 'Katell I. Floyd', 'flat', '4944.00', '2013-12-27', 879, '(0114) 520 6312', 290),
(248, '19656', 'Oprah Y. Leach', 'duplex', '5555.00', '2020-08-20', 886, '055 4391 6345', 267),
(249, '89270', 'Evangeline J. Reese', 'house', '3377.00', '2019-04-06', 880, '(016596) 93877', 377),
(250, '73751', 'Andrew T. Christensen', 'duplex', '7525.00', '2014-02-15', 878, '07624 853560', 284),
(251, '19872', 'Signe H. Melton', 'triplex', '4940.00', '2018-05-04', 881, '055 2900 9320', 349),
(252, '90369', 'Macey A. Dalton', 'triplex', '7302.00', '2014-10-27', 882, '056 6436 3654', 306),
(253, '67117', 'Brianna X. Mcknight', 'flat', '6590.00', '2016-12-29', 883, '07624 336730', 374),
(254, '67005', 'Palmer K. Odonnell', 'triplex', '8418.00', '2017-12-08', 878, '070 3900 0161', 313),
(255, '61588', 'Macy T. Sutton', 'triplex', '9460.00', '2020-09-02', 880, '0845 46 48', 251),
(256, '91529', 'Kelly I. Raymond', 'flat', '3035.00', '2013-10-23', 877, '(016977) 9434', 309),
(257, '31531', 'Rahim Q. Baker', 'triplex', '5468.00', '2015-06-19', 885, '0845 46 43', 245),
(258, '77025', 'Skyler M. Gregory', 'house', '9386.00', '2015-06-13', 883, '0845 46 49', 291),
(259, '25742', 'Colt T. Calhoun', 'triplex', '1390.00', '2016-04-06', 877, '(024) 6578 8778', 220),
(260, '80669', 'Igor A. Reid', 'triplex', '6736.00', '2015-04-04', 877, '(019334) 98264', 220),
(261, '15624', 'Slade R. Silva', 'flat', '6497.00', '2018-03-31', 877, '(01442) 798386', 252),
(262, '19071', 'Lillian U. Barton', 'house', '9550.00', '2012-05-19', 880, '0300 177 1023', 388),
(263, '81824', 'Marny Y. Duffy', 'flat', '162.00', '2012-05-02', 885, '0500 476324', 356),
(264, '20997', 'Evelyn J. Fisher', 'triplex', '2279.00', '2020-11-27', 880, '076 4004 4440', 322),
(265, '78028', 'Kyla S. Spence', 'duplex', '2176.00', '2019-04-23', 879, '055 7450 3856', 269),
(266, '94289', 'Illiana C. Avery', 'triplex', '1571.00', '2014-06-27', 880, '(01527) 453346', 388),
(267, '47193', 'Connor Z. Lewis', 'triplex', '534.00', '2021-12-21', 877, '(023) 4285 6353', 337),
(268, '08116', 'Kato O. Stephens', 'flat', '107.00', '2018-12-29', 881, '0800 1111', 239),
(269, '88848', 'Dennis L. Hinton', 'house', '1201.00', '2012-02-22', 886, '0800 1111', 272),
(270, '24544', 'Adena J. Pruitt', 'triplex', '1346.00', '2011-11-16', 880, '(01297) 802919', 250),
(271, '00155', 'Sheila M. Miller', 'house', '8549.00', '2014-09-24', 886, '(0111) 897 7203', 376),
(272, '91575', 'Xavier X. Farmer', 'house', '598.00', '2019-12-04', 884, '0500 657748', 262),
(273, '46645', 'Nero G. Pate', 'house', '1984.00', '2015-12-20', 883, '(0161) 187 4291', 305),
(274, '63116', 'Talon Y. Cooke', 'triplex', '3901.00', '2019-11-03', 879, '0391 113 0991', 278),
(275, '74694', 'Lila B. Knapp', 'flat', '5885.00', '2014-05-22', 877, '0853 233 7250', 294),
(276, '51452', 'Kermit Z. Holder', 'duplex', '375.00', '2016-04-18', 878, '056 1463 5568', 303),
(277, '60329', 'Uta P. Colon', 'triplex', '9010.00', '2013-08-20', 878, '0848 399 8776', 253),
(278, '51666', 'Jaden X. William', 'flat', '3512.00', '2013-01-27', 879, '0997 407 1486', 316),
(279, '63521', 'Brenna G. Wilder', 'house', '7003.00', '2015-10-07', 879, '0800 701370', 346),
(280, '58034', 'Hasad K. Riddle', 'house', '8390.00', '2017-01-08', 883, '(025) 8188 5198', 279),
(281, '26362', 'Sara E. Pittman', 'flat', '3668.00', '2013-01-17', 885, '(0116) 819 9635', 212),
(282, '88265', 'Macon Z. Gentry', 'duplex', '8830.00', '2011-11-30', 882, '(014278) 87688', 361),
(283, '85113', 'Kamal X. Hudson', 'triplex', '5154.00', '2010-11-03', 879, '070 8743 4041', 276),
(284, '62379', 'Anthony M. Bush', 'triplex', '8711.00', '2014-04-29', 883, '070 7176 4954', 291),
(285, '19219', 'Tad O. Hebert', 'triplex', '8441.00', '2016-05-28', 885, '0800 155 8597', 328),
(286, '16926', 'Xena A. Holcomb', 'house', '7461.00', '2011-06-24', 880, '056 7701 5614', 377),
(287, '11494', 'Lester L. Nixon', 'house', '5130.00', '2016-06-24', 886, '055 8063 1740', 384),
(288, '39459', 'Quamar O. Clay', 'house', '4815.00', '2011-01-24', 886, '0500 394185', 272),
(289, '39333', 'Anastasia X. Mcdowell', 'flat', '2351.00', '2019-10-31', 882, '(01127) 18486', 231),
(290, '56433', 'Cain J. Cannon', 'flat', '3227.00', '2021-07-11', 886, '056 1813 8198', 307),
(291, '71446', 'Brenda E. England', 'duplex', '2219.00', '2018-02-12', 877, '(0111) 068 4523', 243),
(292, '17738', 'Kaden T. Greer', 'triplex', '3222.00', '2010-06-30', 880, '0500 088519', 350),
(293, '67482', 'Stuart L. Snider', 'duplex', '7663.00', '2013-09-20', 881, '0500 835682', 317),
(294, '25428', 'Francis Y. David', 'triplex', '4165.00', '2017-05-26', 880, '(016977) 7151', 314),
(295, '90898', 'Stone F. Farrell', 'triplex', '2059.00', '2019-01-06', 883, '(016977) 4034', 383),
(296, '10708', 'Tiger S. Cochran', 'flat', '9552.00', '2013-12-11', 880, '0800 353623', 301),
(297, '22611', 'Ori T. Savage', 'house', '355.00', '2010-11-24', 881, '070 0941 9839', 365),
(298, '55544', 'Driscoll E. Terrell', 'house', '5553.00', '2018-10-02', 884, '0800 680 5216', 268),
(299, '20457', 'Kirby K. Harvey', 'triplex', '5422.00', '2012-08-07', 879, '(01624) 91439', 389),
(300, '69727', 'Abbot U. Emerson', 'duplex', '4661.00', '2011-09-08', 881, '(025) 0707 3713', 239),
(301, '86659', 'Breanna B. Talley', 'house', '5974.00', '2011-08-16', 881, '(0116) 787 8083', 235),
(302, '19773', 'Marsden K. Rich', 'house', '9700.00', '2016-06-15', 877, '0800 1111', 237),
(303, '52863', 'Geoffrey A. Ware', 'flat', '7799.00', '2010-07-11', 878, '(01391) 344245', 258),
(304, '71684', 'Hamilton N. Hebert', 'duplex', '193.00', '2019-06-20', 883, '0921 443 0448', 279),
(305, '26150', 'Kuame Q. Finley', 'flat', '3694.00', '2012-01-16', 878, '0976 740 9047', 342),
(306, '15747', 'Dillon K. Sharpe', 'triplex', '9976.00', '2014-10-19', 880, '055 3592 4414', 364),
(307, '16432', 'John E. Nixon', 'triplex', '472.00', '2015-10-24', 878, '(0171) 770 7456', 329),
(308, '20290', 'Jarrod J. Holloway', 'triplex', '8247.00', '2022-01-14', 881, '0964 153 7062', 317),
(309, '43098', 'Talon V. Munoz', 'triplex', '9198.00', '2012-04-18', 877, '070 3707 2004', 220),
(310, '89026', 'Naomi Q. Brown', 'house', '6000.00', '2020-09-29', 879, '(01378) 37533', 266),
(311, '72838', 'Blaine H. Lindsey', 'flat', '4008.00', '2012-11-29', 885, '0800 573 3573', 217),
(312, '25373', 'Mechelle B. Buck', 'house', '2765.00', '2010-05-02', 877, '(017993) 92442', 237),
(313, '57133', 'Jemima Y. Maldonado', 'flat', '3891.00', '2013-02-27', 878, '(0112) 790 9119', 303),
(314, '87260', 'Ulric Q. Wilson', 'house', '3574.00', '2018-01-05', 884, '07870 912590', 357),
(315, '29842', 'Michelle Y. Dickson', 'flat', '5686.00', '2012-02-26', 879, '0344 021 3396', 346),
(316, '05864', 'Aidan U. Kelley', 'house', '6314.00', '2020-08-28', 881, '07624 357454', 382),
(317, '67101', 'Roth A. Best', 'flat', '8751.00', '2013-12-24', 878, '0378 712 8961', 325),
(318, '40596', 'Scarlet K. Curry', 'flat', '3958.00', '2019-08-31', 879, '(011232) 27981', 280),
(319, '34183', 'Larissa X. Welch', 'house', '7981.00', '2021-10-31', 881, '055 1226 3441', 371),
(320, '45518', 'Aristotle C. Fernandez', 'flat', '134.00', '2011-10-13', 882, '0845 46 44', 370),
(321, '11093', 'Fitzgerald F. Daniels', 'triplex', '9005.00', '2014-10-26', 886, '07624 195348', 287),
(322, '92445', 'Conan D. Alston', 'triplex', '7244.00', '2012-09-06', 886, '0800 1111', 340),
(323, '16719', 'Ivy D. Wilkerson', 'triplex', '2411.00', '2016-03-13', 881, '0377 133 8573', 235),
(324, '32826', 'Jenette I. Cummings', 'triplex', '1539.00', '2011-02-26', 882, '055 4475 2046', 226),
(325, '69054', 'Dustin J. Mcgee', 'house', '660.00', '2016-11-12', 878, '(0112) 893 3213', 321),
(326, '27699', 'Ruby E. Wolfe', 'house', '2268.00', '2020-11-23', 886, '07010 158441', 233),
(327, '56716', 'Kirk Q. Avila', 'house', '4994.00', '2015-08-03', 880, '0800 737516', 377),
(328, '03110', 'Asher N. Mckay', 'triplex', '24.00', '2013-01-05', 877, '(016977) 0982', 286),
(329, '10853', 'Brynn L. Herman', 'flat', '9615.00', '2018-11-14', 879, '070 2592 0789', 276),
(330, '35750', 'Nayda R. Holcomb', 'flat', '2484.00', '2017-01-31', 883, '0921 974 9011', 375),
(331, '04282', 'Micah R. Harmon', 'flat', '9266.00', '2013-09-02', 879, '055 1669 0734', 280),
(332, '80574', 'Bernard F. Elliott', 'triplex', '6160.00', '2022-01-11', 886, '0800 1111', 307),
(333, '60857', 'Ulysses Y. Powell', 'house', '7549.00', '2017-04-11', 879, '076 7973 2987', 270),
(334, '26619', 'Hedy S. Meyer', 'house', '6998.00', '2020-12-13', 878, '0500 294013', 345),
(335, '47650', 'Kyla N. Hogan', 'triplex', '5504.00', '2010-08-29', 882, '(0110) 767 5831', 344),
(336, '93116', 'Kai D. Hicks', 'duplex', '2713.00', '2012-01-31', 882, '0315 584 6765', 275),
(337, '48779', 'Lee M. Koch', 'triplex', '7971.00', '2020-06-01', 884, '07326 375912', 360),
(338, '31927', 'Aristotle H. Ratliff', 'house', '245.00', '2012-02-05', 880, '0845 46 49', 314),
(339, '82280', 'Ciara D. Hutchinson', 'triplex', '7292.00', '2019-08-08', 883, '076 3881 2679', 331),
(340, '47103', 'Elvis W. Harvey', 'house', '6709.00', '2020-02-01', 884, '056 3323 8539', 256),
(341, '03503', 'Dolan D. Allison', 'triplex', '7587.00', '2012-04-21', 881, '076 7006 7349', 283),
(342, '38072', 'Kaitlin S. Strickland', 'duplex', '1913.00', '2016-06-17', 884, '07624 461295', 378),
(343, '61353', 'Dawn D. Reeves', 'triplex', '2603.00', '2013-12-07', 879, '0800 1111', 389),
(344, '64965', 'Cairo D. Bauer', 'triplex', '1331.00', '2015-06-09', 881, '(01297) 84233', 239),
(345, '13307', 'Abel V. Pena', 'house', '2086.00', '2015-02-08', 878, '0845 46 44', 329),
(346, '44435', 'Reuben I. Blackwell', 'house', '8004.00', '2019-10-03', 885, '0909 650 8259', 264),
(347, '80733', 'Phillip L. Gomez', 'house', '5687.00', '2010-05-18', 882, '0800 092 3017', 241),
(348, '31469', 'Marah S. Juarez', 'duplex', '2172.00', '2011-04-06', 884, '(016977) 3174', 256),
(349, '21858', 'Marcia F. Holloway', 'duplex', '143.00', '2020-09-18', 878, '0800 660 0140', 358),
(350, '31500', 'Jonas A. Fry', 'triplex', '4269.00', '2010-06-15', 880, '070 4057 4657', 250),
(351, '77119', 'Calvin S. Gamble', 'triplex', '5456.00', '2015-04-22', 879, '070 4976 9193', 324),
(352, '34611', 'Sawyer T. Carr', 'house', '8388.00', '2020-06-22', 885, '0302 332 0801', 338),
(353, '99534', 'Sybill W. Chase', 'duplex', '1007.00', '2012-12-26', 884, '076 0796 9345', 256),
(354, '46347', 'Chloe T. Frazier', 'triplex', '9882.00', '2020-04-17', 879, '(016977) 8780', 276),
(355, '24671', 'Faith I. Chang', 'triplex', '1905.00', '2015-07-02', 884, '(01933) 509494', 369),
(356, '36169', 'Xanthus I. Sims', 'flat', '2322.00', '2013-07-20', 880, '(016977) 4004', 322),
(357, '70927', 'Gage V. Yates', 'flat', '4358.00', '2012-03-25', 884, '(01070) 87714', 262),
(358, '70111', 'Caryn V. Olsen', 'house', '9471.00', '2021-02-26', 879, '07624 576245', 367),
(359, '68569', 'Ayanna S. Duncan', 'triplex', '8276.00', '2021-04-16', 877, '0800 1111', 220),
(360, '81296', 'Quynn Z. Joyce', 'triplex', '8159.00', '2018-11-14', 877, '070 3840 8891', 243),
(361, '37001', 'Gillian Y. Mathis', 'triplex', '4253.00', '2015-02-09', 877, '07992 385282', 319),
(362, '94705', 'Bruce U. Hammond', 'house', '5172.00', '2018-01-09', 884, '(016977) 4097', 281),
(363, '60206', 'Lacota V. Hudson', 'duplex', '1948.00', '2018-10-22', 877, '056 5638 9871', 252),
(364, '06528', 'Tyler W. Raymond', 'triplex', '7649.00', '2014-03-23', 882, '0845 46 47', 275),
(365, '07964', 'Charissa R. Cobb', 'triplex', '549.00', '2021-05-29', 881, '070 6277 9829', 277),
(366, '75960', 'Emily B. Keller', 'house', '4059.00', '2018-12-21', 879, '055 7626 8457', 270),
(367, '74204', 'Seth H. Beach', 'flat', '9445.00', '2016-03-06', 878, '0897 662 4567', 327),
(368, '10258', 'Ivory T. Brady', 'house', '7759.00', '2022-01-30', 879, '055 4314 8443', 266),
(369, '12619', 'Dante T. Ortega', 'duplex', '4230.00', '2011-11-17', 886, '(0118) 753 6055', 352),
(370, '75611', 'Kiayada V. Curry', 'flat', '9694.00', '2022-03-30', 880, '(01590) 745056', 251),
(371, '03979', 'Talon N. Calhoun', 'flat', '6759.00', '2021-11-26', 885, '(016977) 9476', 338),
(372, '98092', 'Jameson E. Gould', 'house', '6104.00', '2015-11-14', 883, '(0112) 936 2898', 375),
(373, '22126', 'Shea W. Brock', 'triplex', '3872.00', '2013-04-03', 885, '(0131) 146 0717', 246),
(374, '75378', 'Vielka J. Glass', 'house', '2926.00', '2021-07-03', 882, '07624 282093', 385),
(375, '47901', 'Alfonso Z. Barr', 'flat', '3646.00', '2021-10-25', 884, '(016977) 3540', 299),
(376, '15991', 'Russell U. Carlson', 'duplex', '9410.00', '2019-05-18', 880, '0800 605 2628', 251),
(377, '09260', 'Reuben G. Kane', 'duplex', '3719.00', '2011-09-09', 882, '(013482) 38067', 273),
(378, '40850', 'Caleb C. Oconnor', 'flat', '9079.00', '2018-07-09', 880, '0861 921 9347', 350),
(379, '60005', 'Tyrone A. Mcguire', 'triplex', '4298.00', '2019-08-28', 877, '(016977) 1964', 286),
(380, '87980', 'Prescott Z. Avila', 'flat', '8604.00', '2011-05-22', 882, '0953 953 4570', 306),
(381, '92118', 'Erasmus Q. Guy', 'house', '1947.00', '2011-06-05', 878, '0845 46 43', 253),
(382, '67046', 'Jorden G. Bender', 'house', '6110.00', '2013-01-03', 879, '055 8335 0711', 296),
(383, '45161', 'Jordan K. Livingston', 'triplex', '1508.00', '2012-06-23', 879, '0800 516 0644', 248),
(384, '65629', 'Bo P. Wilkerson', 'duplex', '3858.00', '2012-02-23', 885, '0989 413 6919', 212),
(385, '18868', 'Bruce Z. Molina', 'flat', '3452.00', '2017-07-22', 884, '0800 1111', 378),
(386, '90303', 'Magee N. Mendez', 'house', '8986.00', '2015-12-25', 880, '07800 416743', 322),
(387, '59602', 'Carson W. Goodwin', 'house', '6399.00', '2011-01-17', 882, '070 4106 6751', 275),
(388, '06074', 'Katelyn Y. Chaney', 'flat', '5180.00', '2016-02-21', 886, '070 6958 6970', 332),
(389, '75881', 'Patrick O. Lynn', 'house', '9124.00', '2017-01-28', 878, '(0113) 216 6291', 303),
(390, '63836', 'Abigail G. Ewing', 'flat', '5264.00', '2019-07-15', 877, '0500 730468', 243),
(391, '42028', 'Lyle G. Key', 'triplex', '2245.00', '2015-03-22', 883, '07624 806476', 259),
(392, '38597', 'Shoshana R. Reeves', 'triplex', '8221.00', '2016-05-07', 877, '07703 180928', 309),
(393, '53739', 'Tucker S. Ward', 'duplex', '9483.00', '2020-12-24', 880, '(01506) 661715', 350),
(394, '17639', 'Jarrod W. Ruiz', 'flat', '9085.00', '2011-10-23', 877, '(021) 6312 2894', 214),
(395, '00142', 'Dorothy P. Sharpe', 'house', '8916.00', '2019-07-25', 886, '076 9178 9425', 363),
(396, '15838', 'Taylor B. Harmon', 'flat', '7916.00', '2014-09-16', 877, '0845 46 45', 237),
(397, '63867', 'Sheila G. Perry', 'duplex', '8618.00', '2017-08-11', 880, '0845 46 49', 388),
(398, '94563', 'Aphrodite B. Frye', 'triplex', '8089.00', '2016-12-29', 883, '0318 238 3375', 383),
(399, '23269', 'Pandora U. Lara', 'triplex', '1227.00', '2011-06-21', 880, '070 2844 3188', 314),
(400, '56079', 'Nina P. Rosa', 'house', '3931.00', '2014-09-23', 877, '(011597) 13182', 337);

-- --------------------------------------------------------

--
-- Table structure for table `lease`
--

CREATE TABLE `lease` (
  `leaseID` int(11) NOT NULL,
  `monthly_rent` decimal(15,2) NOT NULL,
  `payment_method` varchar(255) NOT NULL,
  `deposite_paid` decimal(15,2) NOT NULL,
  `rent_start` date NOT NULL,
  `rent_finish` date NOT NULL,
  `clientID` int(11) NOT NULL,
  `propertyID` int(11) NOT NULL
) ENGINE=InnoDB DEFAULT CHARSET=utf8mb4;

--
-- Dumping data for table `lease`
--

INSERT INTO `lease` (`leaseID`, `monthly_rent`, `payment_method`, `deposite_paid`, `rent_start`, `rent_finish`, `clientID`, `propertyID`) VALUES
(1, '8340.00', 'Credit Cards', '52164.00', '2020-07-01', '2015-11-17', 76, 96),
(2, '4970.00', 'Cash', '87472.00', '2016-10-07', '2016-01-17', 42, 41),
(3, '5721.00', 'Credit Cards', '19764.00', '2020-04-30', '2018-06-16', 335, 184),
(4, '1840.00', 'Personal Check', '30115.00', '2018-01-31', '2015-11-24', 38, 93),
(5, '6863.00', 'Direct Deposit Into Banking Account', '46100.00', '2015-10-14', '2018-05-28', 275, 73),
(6, '8399.00', 'Credit Cards', '25643.00', '2017-09-14', '2021-02-12', 287, 155),
(7, '9261.00', 'Credit Cards', '51995.00', '2021-04-18', '2016-06-19', 96, 147),
(8, '5750.00', 'Credit Cards', '46299.00', '2021-06-13', '2015-10-31', 181, 82),
(9, '6789.00', 'Credit Cards', '34901.00', '2018-06-19', '2019-04-24', 54, 22),
(10, '2659.00', 'Direct Deposit Into Banking Account', '88902.00', '2018-01-27', '2018-07-02', 369, 155),
(11, '5374.00', 'Credit Cards', '72223.00', '2021-09-26', '2020-09-15', 323, 68),
(12, '4928.00', 'Personal Check', '44077.00', '2020-02-24', '2015-09-12', 78, 64),
(13, '862.00', 'Cash', '86363.00', '2016-08-07', '2020-11-09', 294, 104),
(14, '1886.00', 'Cash', '7152.00', '2019-07-03', '2018-03-31', 178, 26),
(15, '4554.00', 'Personal Check', '65233.00', '2016-07-08', '2021-12-28', 337, 132),
(16, '4378.00', 'Credit Cards', '4605.00', '2018-12-23', '2016-09-24', 47, 128),
(17, '423.00', 'Credit Cards', '42198.00', '2017-09-10', '2020-03-18', 15, 6),
(18, '7977.00', 'Direct Deposit Into Banking Account', '51114.00', '2019-07-03', '2021-04-22', 182, 86),
(19, '1956.00', 'Credit Cards', '12471.00', '2018-04-19', '2020-05-07', 191, 2),
(20, '8549.00', 'Personal Check', '40531.00', '2019-04-16', '2020-07-26', 325, 103),
(21, '7148.00', 'Credit Cards', '44535.00', '2015-04-14', '2017-11-18', 341, 139),
(22, '2427.00', 'Cash', '10813.00', '2015-02-14', '2016-04-03', 385, 106),
(23, '1504.00', 'Cash', '1714.00', '2015-11-07', '2016-12-23', 371, 53),
(24, '4417.00', 'Cash', '1782.00', '2016-11-20', '2016-03-02', 150, 147),
(25, '9822.00', 'Personal Check', '64548.00', '2019-09-24', '2022-02-17', 51, 57),
(26, '9742.00', 'Personal Check', '23503.00', '2020-05-29', '2021-12-16', 189, 87),
(27, '2659.00', 'Direct Deposit Into Banking Account', '49786.00', '2018-12-01', '2016-03-25', 284, 183),
(28, '1696.00', 'Cash', '12904.00', '2015-12-13', '2021-10-29', 352, 200),
(29, '5056.00', 'Cash', '75649.00', '2022-01-06', '2016-07-11', 250, 103),
(30, '8345.00', 'Personal Check', '41555.00', '2019-04-11', '2021-02-05', 230, 95),
(31, '2366.00', 'Cash', '89849.00', '2015-09-11', '2016-12-04', 4, 74),
(32, '9679.00', 'Cash', '30429.00', '2017-08-04', '2016-10-28', 282, 119),
(33, '333.00', 'Credit Cards', '36343.00', '2016-06-08', '2020-01-15', 30, 182),
(34, '5778.00', 'Cash', '27063.00', '2017-09-28', '2015-10-23', 171, 68),
(35, '3654.00', 'Personal Check', '98640.00', '2016-09-09', '2021-06-10', 299, 185),
(36, '5432.00', 'Direct Deposit Into Banking Account', '1959.00', '2021-12-13', '2016-10-09', 174, 144),
(37, '5851.00', 'Direct Deposit Into Banking Account', '55902.00', '2022-01-16', '2021-02-16', 387, 119),
(38, '9110.00', 'Personal Check', '63461.00', '2021-09-10', '2015-11-25', 77, 46),
(39, '3629.00', 'Credit Cards', '51150.00', '2019-01-12', '2016-09-28', 187, 115),
(40, '5806.00', 'Cash', '46481.00', '2015-08-27', '2016-03-28', 159, 146),
(41, '5932.00', 'Credit Cards', '53465.00', '2021-03-17', '2018-09-09', 208, 6),
(42, '7216.00', 'Personal Check', '46973.00', '2017-10-20', '2021-07-11', 220, 164),
(43, '1015.00', 'Direct Deposit Into Banking Account', '6056.00', '2015-03-05', '2017-03-09', 365, 163),
(44, '5736.00', 'Credit Cards', '85644.00', '2017-06-01', '2015-12-30', 331, 125),
(45, '9944.00', 'Personal Check', '13215.00', '2020-06-08', '2017-01-04', 342, 132),
(46, '3882.00', 'Direct Deposit Into Banking Account', '32742.00', '2019-11-26', '2017-12-11', 291, 151),
(47, '6647.00', 'Direct Deposit Into Banking Account', '60511.00', '2020-06-18', '2019-11-17', 100, 95),
(48, '8487.00', 'Direct Deposit Into Banking Account', '2530.00', '2021-10-02', '2019-12-07', 148, 56),
(49, '4768.00', 'Direct Deposit Into Banking Account', '61743.00', '2015-02-12', '2016-02-27', 392, 171),
(50, '3702.00', 'Direct Deposit Into Banking Account', '40962.00', '2020-03-29', '2016-10-21', 137, 128),
(51, '6090.00', 'Cash', '92657.00', '2020-03-26', '2015-10-20', 164, 136),
(52, '2930.00', 'Direct Deposit Into Banking Account', '16400.00', '2015-07-26', '2019-12-07', 206, 97),
(53, '5223.00', 'Cash', '27581.00', '2020-07-30', '2019-10-15', 90, 24),
(54, '2554.00', 'Cash', '11920.00', '2015-10-02', '2016-06-28', 70, 98),
(55, '1921.00', 'Cash', '32767.00', '2021-09-20', '2020-12-11', 343, 84),
(56, '7861.00', 'Credit Cards', '40793.00', '2017-02-15', '2016-08-24', 87, 161),
(57, '5393.00', 'Personal Check', '64781.00', '2015-05-30', '2021-11-21', 253, 91),
(58, '2704.00', 'Credit Cards', '19671.00', '2021-12-19', '2016-01-02', 146, 154),
(59, '1652.00', 'Personal Check', '60935.00', '2019-05-21', '2022-04-02', 82, 14),
(60, '5547.00', 'Personal Check', '29886.00', '2015-08-03', '2016-07-01', 272, 69),
(61, '8836.00', 'Credit Cards', '64988.00', '2020-01-24', '2019-12-01', 286, 57),
(62, '4975.00', 'Direct Deposit Into Banking Account', '76896.00', '2020-10-15', '2020-05-14', 112, 12),
(63, '7858.00', 'Direct Deposit Into Banking Account', '98247.00', '2019-08-26', '2022-01-11', 182, 70),
(64, '1952.00', 'Direct Deposit Into Banking Account', '93419.00', '2018-02-17', '2021-01-19', 49, 92),
(65, '2311.00', 'Credit Cards', '46202.00', '2018-03-29', '2015-05-23', 79, 42),
(66, '1884.00', 'Credit Cards', '32174.00', '2022-03-13', '2018-10-11', 178, 118),
(67, '1444.00', 'Credit Cards', '15112.00', '2021-05-06', '2015-10-06', 49, 133),
(68, '1043.00', 'Direct Deposit Into Banking Account', '19147.00', '2022-01-18', '2018-08-17', 340, 69),
(69, '339.00', 'Direct Deposit Into Banking Account', '37469.00', '2015-02-02', '2021-11-03', 327, 99),
(70, '5186.00', 'Direct Deposit Into Banking Account', '96922.00', '2021-07-20', '2020-10-13', 185, 52),
(71, '7553.00', 'Cash', '4986.00', '2021-09-15', '2019-09-18', 264, 78),
(72, '9060.00', 'Cash', '35400.00', '2015-12-16', '2018-04-24', 20, 172),
(73, '3545.00', 'Cash', '89537.00', '2016-03-27', '2018-04-02', 95, 132),
(74, '7832.00', 'Direct Deposit Into Banking Account', '67791.00', '2020-11-28', '2015-08-17', 374, 158),
(75, '3326.00', 'Direct Deposit Into Banking Account', '32639.00', '2021-04-06', '2019-12-25', 305, 36),
(76, '6374.00', 'Credit Cards', '4433.00', '2022-01-01', '2019-05-28', 48, 105),
(77, '754.00', 'Credit Cards', '68180.00', '2019-03-06', '2020-10-22', 67, 41),
(78, '1494.00', 'Cash', '26423.00', '2016-06-13', '2015-08-29', 65, 46),
(79, '3438.00', 'Cash', '24272.00', '2017-03-31', '2021-05-28', 94, 96),
(80, '3538.00', 'Personal Check', '1663.00', '2021-04-24', '2020-07-04', 88, 184),
(81, '887.00', 'Personal Check', '50794.00', '2019-03-24', '2021-11-26', 211, 52),
(82, '6004.00', 'Direct Deposit Into Banking Account', '74163.00', '2020-07-31', '2021-07-13', 264, 37),
(83, '348.00', 'Direct Deposit Into Banking Account', '67663.00', '2016-08-24', '2021-03-30', 57, 193),
(84, '9571.00', 'Personal Check', '15050.00', '2016-01-02', '2015-04-29', 265, 14),
(85, '5799.00', 'Credit Cards', '12471.00', '2015-10-03', '2015-07-11', 223, 166),
(86, '4328.00', 'Direct Deposit Into Banking Account', '24638.00', '2017-12-02', '2016-03-18', 270, 57),
(87, '2099.00', 'Credit Cards', '8806.00', '2020-09-07', '2018-03-23', 338, 57),
(88, '7985.00', 'Cash', '13094.00', '2015-05-01', '2019-08-15', 45, 146),
(89, '9076.00', 'Direct Deposit Into Banking Account', '5949.00', '2021-08-24', '2021-07-16', 284, 161),
(90, '8627.00', 'Direct Deposit Into Banking Account', '44716.00', '2022-03-14', '2015-07-28', 97, 21),
(91, '8708.00', 'Cash', '40351.00', '2019-01-12', '2021-07-22', 173, 55),
(92, '2404.00', 'Direct Deposit Into Banking Account', '62882.00', '2015-12-03', '2015-08-26', 207, 38),
(93, '8068.00', 'Direct Deposit Into Banking Account', '62723.00', '2017-10-28', '2017-02-05', 105, 189),
(94, '5141.00', 'Credit Cards', '48727.00', '2020-12-07', '2017-12-13', 365, 27),
(95, '2708.00', 'Personal Check', '93384.00', '2020-10-20', '2021-09-10', 47, 128),
(96, '665.00', 'Credit Cards', '7497.00', '2015-06-12', '2020-10-10', 92, 10),
(97, '3453.00', 'Cash', '26898.00', '2015-07-07', '2021-04-13', 286, 44),
(98, '3328.00', 'Cash', '69930.00', '2017-05-09', '2019-09-05', 14, 15),
(99, '4871.00', 'Personal Check', '15764.00', '2016-12-02', '2021-12-19', 336, 47),
(100, '8274.00', 'Cash', '69448.00', '2019-08-21', '2019-04-23', 92, 188),
(101, '2892.00', 'Direct Deposit Into Banking Account', '21499.00', '2016-11-12', '2017-09-12', 318, 5),
(102, '8118.00', 'Credit Cards', '34747.00', '2018-08-14', '2021-07-12', 97, 40),
(103, '8130.00', 'Cash', '7673.00', '2017-11-01', '2016-05-10', 200, 120),
(104, '7937.00', 'Credit Cards', '6763.00', '2016-01-02', '2015-06-30', 320, 56),
(105, '8354.00', 'Credit Cards', '15377.00', '2017-05-15', '2019-12-30', 187, 169),
(106, '5148.00', 'Direct Deposit Into Banking Account', '72724.00', '2019-09-07', '2016-01-08', 23, 193),
(107, '8876.00', 'Personal Check', '69992.00', '2016-07-05', '2018-07-02', 109, 33),
(108, '1067.00', 'Cash', '9969.00', '2018-05-21', '2022-01-25', 46, 153),
(109, '8290.00', 'Direct Deposit Into Banking Account', '33150.00', '2016-04-11', '2019-12-26', 80, 56),
(110, '9109.00', 'Personal Check', '59922.00', '2017-08-06', '2016-10-02', 230, 132),
(111, '393.00', 'Direct Deposit Into Banking Account', '95650.00', '2018-05-12', '2015-08-13', 148, 56),
(112, '463.00', 'Personal Check', '31041.00', '2019-04-10', '2020-12-16', 81, 106),
(113, '9610.00', 'Personal Check', '52219.00', '2020-06-16', '2019-09-17', 85, 129),
(114, '9567.00', 'Cash', '61745.00', '2017-01-25', '2021-12-09', 99, 195),
(115, '7641.00', 'Credit Cards', '43482.00', '2017-01-20', '2018-09-05', 376, 57),
(116, '2613.00', 'Cash', '78150.00', '2020-07-08', '2017-03-27', 334, 192),
(117, '7826.00', 'Personal Check', '522.00', '2016-10-14', '2020-10-07', 80, 172),
(118, '1380.00', 'Cash', '19736.00', '2019-01-17', '2015-12-22', 309, 141),
(119, '1503.00', 'Credit Cards', '46460.00', '2018-05-22', '2021-07-06', 262, 99),
(120, '1203.00', 'Credit Cards', '84706.00', '2019-05-12', '2017-09-07', 247, 14),
(121, '4809.00', 'Direct Deposit Into Banking Account', '44758.00', '2015-05-27', '2021-05-23', 320, 119),
(122, '5535.00', 'Direct Deposit Into Banking Account', '96008.00', '2021-02-12', '2017-02-25', 202, 105),
(123, '9826.00', 'Direct Deposit Into Banking Account', '75003.00', '2019-12-15', '2020-11-28', 337, 106),
(124, '6234.00', 'Cash', '69239.00', '2016-05-13', '2018-11-30', 45, 19),
(125, '4429.00', 'Cash', '14415.00', '2016-03-27', '2020-08-29', 345, 60),
(126, '3064.00', 'Direct Deposit Into Banking Account', '25954.00', '2016-10-09', '2021-11-19', 398, 183),
(127, '2268.00', 'Direct Deposit Into Banking Account', '359.00', '2020-12-05', '2018-12-24', 25, 38),
(128, '4819.00', 'Personal Check', '7933.00', '2017-05-21', '2017-03-20', 293, 27),
(129, '845.00', 'Cash', '99671.00', '2019-08-02', '2019-09-09', 7, 79),
(130, '7136.00', 'Direct Deposit Into Banking Account', '30627.00', '2021-01-25', '2016-06-04', 209, 85),
(131, '420.00', 'Cash', '15423.00', '2020-07-06', '2021-12-03', 94, 64),
(132, '1976.00', 'Cash', '74913.00', '2017-04-15', '2020-06-19', 234, 56),
(133, '9213.00', 'Personal Check', '73687.00', '2020-07-25', '2015-10-22', 121, 173),
(134, '6524.00', 'Credit Cards', '75812.00', '2021-07-07', '2022-01-26', 164, 5),
(135, '6629.00', 'Direct Deposit Into Banking Account', '77181.00', '2020-06-02', '2020-04-10', 13, 91),
(136, '2303.00', 'Direct Deposit Into Banking Account', '88676.00', '2016-06-13', '2017-10-22', 75, 82),
(137, '5791.00', 'Cash', '5380.00', '2022-01-17', '2017-07-30', 366, 51),
(138, '5076.00', 'Cash', '89493.00', '2015-07-04', '2020-10-10', 302, 198),
(139, '102.00', 'Personal Check', '86551.00', '2018-11-18', '2021-11-24', 146, 42),
(140, '1066.00', 'Personal Check', '65118.00', '2022-02-06', '2015-06-10', 48, 34),
(141, '5037.00', 'Cash', '17824.00', '2016-05-19', '2020-07-10', 7, 147),
(142, '9421.00', 'Direct Deposit Into Banking Account', '54962.00', '2017-12-20', '2016-06-25', 271, 23),
(143, '7156.00', 'Direct Deposit Into Banking Account', '37981.00', '2020-07-29', '2016-10-10', 164, 5),
(144, '8546.00', 'Cash', '21131.00', '2018-03-19', '2018-02-18', 63, 88),
(145, '5463.00', 'Direct Deposit Into Banking Account', '23861.00', '2017-12-05', '2015-08-27', 365, 42),
(146, '5020.00', 'Personal Check', '22155.00', '2021-12-09', '2021-05-03', 326, 83),
(147, '8088.00', 'Direct Deposit Into Banking Account', '15852.00', '2020-09-17', '2021-07-19', 20, 184),
(148, '2559.00', 'Credit Cards', '46397.00', '2020-01-08', '2018-10-13', 335, 182),
(149, '4923.00', 'Credit Cards', '7001.00', '2016-12-07', '2018-04-21', 348, 109),
(150, '5272.00', 'Personal Check', '92346.00', '2017-12-03', '2021-09-17', 373, 117);

-- --------------------------------------------------------

--
-- Table structure for table `owner`
--

CREATE TABLE `owner` (
  `ownerID` int(11) NOT NULL,
  `owner_number` varchar(255) NOT NULL,
  `name` varchar(255) NOT NULL,
  `address` varchar(255) NOT NULL,
  `tele_number` varchar(255) NOT NULL,
  `branchID` int(11) NOT NULL
) ENGINE=InnoDB DEFAULT CHARSET=utf8mb4;

--
-- Dumping data for table `owner`
--

INSERT INTO `owner` (`ownerID`, `owner_number`, `name`, `address`, `tele_number`, `branchID`) VALUES
(1, '13150', 'Ursula M. Cervantes', 'Missouri', '(021) 6444 7796', 880),
(2, '39553', 'Forrest I. Romero', 'Oregon', '(01101) 552430', 882),
(3, '89520', 'Wayne X. Maxwell', 'Texas', '(020) 3675 6810', 885),
(4, '02877', 'Maya C. Bernard', 'Delaware', '070 8279 6309', 883),
(5, '53519', 'Louis T. Franklin', 'WA', '0800 422 2967', 881),
(6, '66981', 'Lamar M. Graves', 'Illinois', '0958 572 2786', 879),
(7, '16406', 'Madaline B. Nunez', 'OR', '0845 46 48', 884),
(8, '07212', 'Whitney C. Martin', 'Utah', '070 6583 2056', 885),
(9, '99431', 'Dante Q. Mullins', 'VA', '070 2733 4163', 881),
(10, '84070', 'Lara F. Meadows', 'AR', '0321 903 0404', 883),
(11, '95975', 'Sean W. Stafford', 'Alaska', '076 0946 8352', 884),
(12, '41359', 'Mariam U. Harper', 'Ohio', '(022) 1491 6282', 878),
(13, '84449', 'Cassady X. Aguirre', 'KY', '0891 464 8458', 883),
(14, '02160', 'Jordan T. Fleming', 'Alabama', '0845 46 49', 880),
(15, '72306', 'Chaim E. Yang', 'UT', '0800 750307', 882),
(16, '93585', 'Lillian Z. Ferrell', 'Delaware', '0310 357 1961', 883),
(17, '01455', 'August T. Randall', 'TX', '056 4052 6609', 884),
(18, '27883', 'Philip V. Ortega', 'Arizona', '(016526) 36913', 883),
(19, '54666', 'Nell E. Mayo', 'Georgia', '0845 46 46', 882),
(20, '05200', 'Shelly A. Hodges', 'MN', '0800 225 3229', 877),
(21, '09176', 'Odessa P. Castro', 'AR', '07624 979726', 885),
(22, '06483', 'Hedley A. Walton', 'ME', '07624 244189', 886),
(23, '48878', 'Breanna Y. Moss', 'Oregon', '(025) 7789 5981', 880),
(24, '75707', 'Brittany T. Moses', 'AL', '0829 032 0795', 878),
(25, '98991', 'Levi E. Hodge', 'Maine', '07081 774762', 879),
(26, '14272', 'Jacqueline B. Byrd', 'Alabama', '070 6457 4084', 886),
(27, '24084', 'Wyatt R. Petty', 'Colorado', '070 2401 4641', 881),
(28, '19882', 'Wesley K. Meadows', 'Vermont', '(01961) 435800', 877),
(29, '31591', 'Eliana U. Hobbs', 'ME', '07624 653849', 885),
(30, '95345', 'Risa A. Nieves', 'OK', '0809 681 4717', 882),
(31, '30285', 'Simon Y. Buck', 'Kentucky', '0800 836848', 884),
(32, '54134', 'Hadley Z. Beach', 'Louisiana', '0800 1111', 879),
(33, '53976', 'Keiko M. Peterson', 'Mississippi', '070 0184 1158', 878),
(34, '52430', 'Kalia K. Foreman', 'OH', '(024) 7660 8577', 881),
(35, '60193', 'Xantha I. Hall', 'IN', '(011479) 69231', 882),
(36, '91837', 'Kylan J. Perez', 'Nebraska', '070 5291 9731', 878),
(37, '66152', 'Yvonne Y. Petty', 'Kansas', '0800 705 2650', 885),
(38, '34780', 'Warren Y. Holcomb', 'MS', '(0131) 689 7740', 878),
(39, '25342', 'Olivia W. Donovan', 'ID', '(0131) 835 9906', 886),
(40, '35005', 'Susan Q. Martinez', 'Alaska', '(0112) 660 0568', 884),
(41, '11494', 'Carla R. Hooper', 'Wyoming', '(022) 4292 0881', 883),
(42, '74197', 'Lareina D. Oneill', 'Arkansas', '056 8189 1560', 879),
(43, '76069', 'Madeson O. Andrews', 'Michigan', '(0113) 340 6104', 881),
(44, '08186', 'Destiny F. Andrews', 'Mississippi', '(020) 6955 6161', 880),
(45, '12392', 'Whoopi C. Winters', 'PA', '(021) 0049 3151', 880),
(46, '08294', 'Anika A. Harding', 'Pennsylvania', '(016977) 4912', 882),
(47, '77694', 'Dale C. Brooks', 'NE', '07624 784151', 881),
(48, '00114', 'Felicia T. Weeks', 'Nebraska', '0800 1111', 877),
(49, '89211', 'Kaden H. Curtis', 'VT', '0500 440848', 882),
(50, '72943', 'Caesar N. Bentley', 'KY', '076 7538 7215', 885),
(51, '32030', 'Hedwig X. Small', 'PA', '0343 318 9150', 886),
(52, '10720', 'Tana U. Knight', 'Oklahoma', '(01372) 21000', 879),
(53, '33528', 'Dana X. Chavez', 'Montana', '076 9264 4654', 883),
(54, '73310', 'Tarik C. Mayer', 'HI', '0500 322410', 884),
(55, '58200', 'Forrest U. Stout', 'Delaware', '(0121) 597 1010', 880),
(56, '54367', 'Ralph F. Garrett', 'Minnesota', '0845 46 49', 877),
(57, '91377', 'Malachi G. Lowe', 'ME', '(025) 2253 2873', 882),
(58, '38373', 'Ayanna V. Dennis', 'AL', '055 6490 9018', 882),
(59, '94237', 'Evelyn K. Cunningham', 'AR', '0800 524616', 883),
(60, '40892', 'Orlando E. Barrett', 'HI', '(0181) 732 8326', 886),
(61, '08721', 'Illana S. Mann', 'Utah', '0800 764500', 885),
(62, '61682', 'Carson N. Maynard', 'FL', '0800 148 5736', 886),
(63, '85763', 'Shaine U. Gould', 'CO', '056 8288 5533', 877),
(64, '49648', 'Richard T. Snow', 'Hawaii', '07624 919391', 880),
(65, '66454', 'Noah M. Duke', 'Arizona', '0817 976 2970', 879),
(66, '07023', 'Solomon Y. Weeks', 'CT', '(026) 2969 1579', 877),
(67, '61054', 'Edward R. Charles', 'Washington', '(0119) 385 6503', 881),
(68, '26860', 'Maya G. Baldwin', 'CA', '(027) 7838 6956', 881),
(69, '58185', 'Christen V. Prince', 'California', '0800 485 5824', 883),
(70, '84862', 'Illiana G. Rocha', 'DE', '0800 761002', 884),
(71, '92887', 'Hayley G. Moses', 'GA', '076 6652 8082', 881),
(72, '99917', 'Barclay H. Gregory', 'MT', '07160 823572', 886),
(73, '45154', 'Marny Z. Pratt', 'Minnesota', '(012830) 06139', 881),
(74, '98735', 'Abbot X. Michael', 'WA', '07258 210527', 883),
(75, '33611', 'McKenzie B. Beach', 'Vermont', '(01814) 643558', 883),
(76, '34647', 'Jennifer T. Yang', 'Texas', '(01577) 372170', 881),
(77, '67814', 'Warren S. Myers', 'ME', '0934 835 5546', 878),
(78, '90433', 'Florence I. Yates', 'VT', '(0117) 991 8658', 886),
(79, '50620', 'Shad J. Blackburn', 'Missouri', '0800 180317', 883),
(80, '57629', 'Elaine M. Drake', 'Maine', '0800 022 9865', 881),
(81, '42007', 'Macon I. James', 'Georgia', '0500 622230', 878),
(82, '32612', 'Victor B. Nelson', 'Mississippi', '0845 46 43', 877),
(83, '96618', 'Jason J. Green', 'Missouri', '(016977) 5410', 877),
(84, '69538', 'Nina U. Kirk', 'Colorado', '0845 46 48', 883),
(85, '41643', 'Savannah H. Hines', 'Wisconsin', '07624 661274', 882),
(86, '58180', 'Ian O. Strong', 'KY', '0326 430 1842', 886),
(87, '91710', 'Clarke M. Chan', 'TN', '0981 295 7326', 881),
(88, '66704', 'Caesar X. Pearson', 'Ohio', '(0151) 237 2956', 878),
(89, '36080', 'Kelsie V. Goodman', 'Montana', '070 5752 2328', 885),
(90, '27213', 'Naomi O. Rodriquez', 'Oklahoma', '(016977) 7719', 879),
(91, '13163', 'Stephen M. Christian', 'Alabama', '0910 085 8934', 883),
(92, '17104', 'Fitzgerald E. Paul', 'Florida', '0800 765948', 883),
(93, '24706', 'Zenaida E. Ellison', 'TN', '(017142) 57647', 884),
(94, '15797', 'Scott T. Gallegos', 'CA', '07881 794760', 885),
(95, '15063', 'Vance X. Sweet', 'Pennsylvania', '(013657) 20455', 882),
(96, '48404', 'Sandra I. Byrd', 'AL', '(01125) 741933', 883),
(97, '40163', 'Todd R. Nixon', 'Nebraska', '0845 46 40', 884),
(98, '33313', 'Nerea R. Haney', 'Maryland', '0937 505 5305', 882),
(99, '99936', 'Maggie J. Watson', 'WA', '056 2734 0232', 877),
(100, '25009', 'Arthur I. Kelley', 'IL', '056 7767 9927', 883),
(101, '43520', 'Mason M. Mayer', 'Nevada', '070 8004 4559', 879),
(102, '42953', 'Hall P. Pennington', 'MA', '(01354) 550253', 882),
(103, '21940', 'Curran I. Livingston', 'MA', '0845 46 44', 881),
(104, '45996', 'Ann U. Blackwell', 'IA', '0500 059824', 886),
(105, '74737', 'William O. Woodard', 'AZ', '(01926) 508938', 882),
(106, '69468', 'Hermione M. Weeks', 'Florida', '(0141) 364 1941', 877),
(107, '14167', 'Amy V. Oneil', 'GA', '07624 761815', 885),
(108, '99602', 'Chester Z. Best', 'KY', '0845 46 40', 878),
(109, '69866', 'Russell K. Bird', 'California', '0500 603795', 884),
(110, '08804', 'Ashton O. Pearson', 'Minnesota', '0379 791 1108', 885),
(111, '71055', 'Jocelyn B. Davis', 'Iowa', '0852 068 3101', 880),
(112, '22426', 'Kalia S. Parrish', 'Vermont', '055 2772 8434', 880),
(113, '80367', 'Aubrey K. Villarreal', 'ME', '0372 464 7085', 877),
(114, '38700', 'Alden C. Lang', 'Kentucky', '(01308) 57326', 878),
(115, '58291', 'Patrick J. French', 'Connecticut', '0845 46 46', 878),
(116, '11598', 'Gisela L. Cruz', 'Iowa', '0341 778 7178', 885),
(117, '94061', 'Colorado K. Richardson', 'MN', '0800 923752', 886),
(118, '46691', 'Latifah N. Andrews', 'FL', '0800 819715', 882),
(119, '36797', 'Castor X. Carney', 'MN', '0800 790834', 884),
(120, '97799', 'Hoyt N. Davenport', 'AL', '(01553) 02292', 885),
(121, '18029', 'Lane N. Delgado', 'Utah', '(018180) 48062', 881),
(122, '68693', 'Unity R. Morse', 'HI', '07624 188766', 877),
(123, '97613', 'Gage Z. Stephens', 'MO', '(0111) 524 0098', 886),
(124, '98439', 'Guy M. Guy', 'Tennessee', '(0111) 808 5268', 880),
(125, '56461', 'Abraham Y. Phelps', 'WA', '07624 506923', 885),
(126, '56690', 'Nyssa V. Robinson', 'Texas', '(0119) 409 6422', 884),
(127, '27614', 'Sybill R. Reeves', 'Missouri', '0345 816 3207', 886),
(128, '13180', 'Zephr P. Bray', 'Georgia', '(020) 4873 2584', 878),
(129, '31816', 'Jolene W. Lawrence', 'UT', '(023) 4383 0937', 886),
(130, '58387', 'Samantha F. Valenzuela', 'Louisiana', '07092 223989', 885),
(131, '32042', 'Yvette V. Barlow', 'Georgia', '(013432) 21198', 884),
(132, '45645', 'Anastasia S. Horn', 'PA', '0800 1111', 882),
(133, '96863', 'Keefe C. Henderson', 'Montana', '(0116) 731 9795', 885),
(134, '88121', 'Indigo I. Mckee', 'TN', '07624 072796', 884),
(135, '47456', 'Melvin X. Cochran', 'CA', '(01178) 608649', 881),
(136, '40137', 'Blaine Y. Lancaster', 'Ohio', '(011724) 33156', 881),
(137, '71251', 'Illana P. Griffith', 'AL', '0800 345 7070', 883),
(138, '40913', 'Upton Q. Donaldson', 'MN', '056 5031 9027', 883),
(139, '65642', 'Kylan D. Hampton', 'MA', '0800 1111', 877),
(140, '59370', 'Kelly D. Chan', 'OR', '(0118) 268 4730', 881),
(141, '14095', 'Dante N. Castillo', 'Illinois', '(0112) 027 4305', 886),
(142, '44714', 'Sasha L. Duffy', 'California', '0844 971 9618', 881),
(143, '53078', 'Vivien K. Neal', 'Nevada', '0800 507 5449', 881),
(144, '92411', 'Heather J. Burch', 'OH', '0832 604 6015', 879),
(145, '65702', 'Barclay G. Peters', 'OK', '07624 848291', 884),
(146, '08965', 'Duncan Q. Wolfe', 'Connecticut', '0500 527949', 886),
(147, '28096', 'Bevis O. Petersen', 'Nevada', '(01659) 21030', 885),
(148, '68522', 'Abraham H. Hamilton', 'Nevada', '056 8059 0792', 879),
(149, '41252', 'Myles Y. Orr', 'Arizona', '0845 46 44', 886),
(150, '91923', 'Diana O. French', 'TN', '070 2533 0172', 883),
(151, '34053', 'Benjamin G. Joseph', 'OH', '(0117) 859 1822', 886),
(152, '40683', 'Kylie Q. Hart', 'Vermont', '(01434) 06401', 881),
(153, '67355', 'Tad U. Hodge', 'VT', '0956 366 9346', 883),
(154, '88486', 'Caesar I. Brennan', 'Arkansas', '0342 929 0308', 882),
(155, '77553', 'Zena L. Melendez', 'CT', '(016977) 7333', 881),
(156, '15397', 'Liberty U. Glenn', 'Nevada', '(0115) 564 6997', 879),
(157, '27584', 'Azalia Z. Cooke', 'Colorado', '056 9057 0077', 882),
(158, '07788', 'Ginger A. Gibbs', 'Utah', '(016977) 9796', 881),
(159, '82413', 'Melissa D. Coleman', 'Michigan', '0890 689 0889', 882),
(160, '86438', 'Rosalyn T. Hood', 'Texas', '07624 176011', 882),
(161, '82617', 'Ross H. Walters', 'Indiana', '(0171) 535 1852', 886),
(162, '65440', 'Amal M. Gallagher', 'ID', '0500 524687', 885),
(163, '54049', 'Hollee B. Dominguez', 'WY', '0883 056 5094', 883),
(164, '73785', 'Ebony Q. Morin', 'IA', '070 0154 8517', 881),
(165, '08525', 'Avram V. Hooper', 'MT', '0314 172 3207', 884),
(166, '96388', 'Rafael I. Shepherd', 'IN', '0800 822973', 883),
(167, '84150', 'Linus W. Wallace', 'Georgia', '(022) 3353 9002', 882),
(168, '97095', 'Beatrice P. Wheeler', 'Michigan', '055 9572 8852', 879),
(169, '41764', 'Yoshi G. Medina', 'Missouri', '070 0836 7741', 882),
(170, '66592', 'Francis I. Frank', 'Nevada', '076 9630 5958', 879),
(171, '05340', 'Camilla C. Blanchard', 'Ohio', '0800 1111', 879),
(172, '77683', 'Iona Y. Mathews', 'Oklahoma', '055 3587 6851', 881),
(173, '54180', 'Hiroko H. Middleton', 'MN', '(0116) 974 2137', 883),
(174, '01875', 'Maya U. Cash', 'Colorado', '(01615) 573602', 881),
(175, '72951', 'Amity X. Knight', 'Kentucky', '(016977) 8836', 880),
(176, '54744', 'Wyoming X. Rosales', 'Connecticut', '0891 009 9459', 878),
(177, '95883', 'Astra P. Watkins', 'KS', '0855 864 3692', 886),
(178, '75482', 'Megan D. Hunter', 'Kansas', '(015181) 38094', 878),
(179, '25771', 'Bruno N. Beach', 'CT', '(01104) 61185', 879),
(180, '30530', 'Willa D. Haney', 'IA', '(01143) 64716', 878),
(181, '04397', 'Nayda G. Carr', 'PA', '0800 1111', 878),
(182, '08843', 'Rashad G. Salazar', 'DE', '055 1962 4764', 879),
(183, '88019', 'Gregory C. Luna', 'WY', '0500 500732', 886),
(184, '15798', 'Xerxes T. Kirkland', 'Arkansas', '0800 1111', 884),
(185, '46703', 'Hasad I. Henry', 'UT', '0845 46 41', 883),
(186, '12544', 'Aileen V. Ware', 'Indiana', '07624 976672', 878),
(187, '49483', 'Rina J. Sanford', 'Hawaii', '(01470) 376026', 879),
(188, '54617', 'Bo P. Beasley', 'AK', '(01318) 898447', 880),
(189, '29671', 'Mary P. Bray', 'ID', '055 6177 4365', 878),
(190, '41419', 'Abel Z. Maxwell', 'TX', '0800 662 7039', 883),
(191, '05319', 'Neville A. Hamilton', 'Vermont', '0500 692283', 878),
(192, '98459', 'Martha U. Mckee', 'Colorado', '0800 267 4271', 880),
(193, '83396', 'Allistair I. Nolan', 'IA', '(01822) 79007', 877),
(194, '44879', 'Chelsea J. Abbott', 'Alabama', '(0114) 853 5565', 879),
(195, '92199', 'Clinton O. Alston', 'GA', '07624 955180', 882),
(196, '49681', 'Yardley U. Carlson', 'Idaho', '(01837) 005143', 886),
(197, '12753', 'Fulton H. Gilliam', 'IA', '0823 958 8740', 883),
(198, '09230', 'Preston Y. Wheeler', 'Missouri', '(025) 6358 7401', 878),
(199, '41371', 'Ishmael L. Barr', 'Alabama', '0800 1111', 877),
(200, '03371', 'Cara N. Vinson', 'LA', '0358 180 5752', 877);

-- --------------------------------------------------------

--
-- Table structure for table `property`
--

CREATE TABLE `property` (
  `propertyID` int(11) NOT NULL,
  `property_number` varchar(255) NOT NULL,
  `property_type` varchar(255) NOT NULL,
  `rent` decimal(15,2) NOT NULL,
  `rooms` int(11) NOT NULL,
  `address` varchar(255) NOT NULL,
  `branchID` int(11) NOT NULL,
  `clientID` int(11) DEFAULT NULL,
  `ownerID` int(11) NOT NULL,
  `staffID` int(11) NOT NULL
) ENGINE=InnoDB DEFAULT CHARSET=utf8mb4;

--
-- Dumping data for table `property`
--

INSERT INTO `property` (`propertyID`, `property_number`, `property_type`, `rent`, `rooms`, `address`, `branchID`, `clientID`, `ownerID`, `staffID`) VALUES
(1, '81171', 'duplex', '9513.00', 2, 'CA', 886, 141, 72, 332),
(2, '84102', 'duplex', '525.00', 4, 'GA', 879, 35, 194, 290),
(3, '93736', 'house', '7809.00', 3, 'MD', 885, 194, 8, 308),
(4, '97566', 'triplex', '4914.00', 8, 'ID', 885, 10, 120, 210),
(5, '66532', 'house', '3539.00', 10, 'Kentucky', 879, 5, 168, 269),
(6, '24784', 'triplex', '5902.00', 4, 'Wyoming', 879, 382, 168, 343),
(7, '02707', 'house', '6124.00', 9, 'CA', 880, 49, 192, 377),
(8, '85194', 'duplex', '2370.00', 7, 'Florida', 886, 290, 117, 340),
(9, '30928', 'flat', '6351.00', 10, 'OK', 885, 231, 89, 265),
(10, '22823', 'flat', '3682.00', 8, 'TN', 879, 382, 25, 266),
(11, '98021', 'flat', '6605.00', 9, 'Nevada', 880, 399, 14, 242),
(12, '36835', 'triplex', '5767.00', 5, 'Hawaii', 880, 249, 55, 350),
(13, '80411', 'duplex', '7126.00', 10, 'MN', 881, 319, 136, 239),
(14, '67580', 'house', '1974.00', 2, 'MO', 879, 343, 182, 244),
(15, '79667', 'flat', '6777.00', 9, 'Alabama', 881, 293, 142, 368),
(16, '79766', 'house', '1952.00', 4, 'Kansas', 877, 98, 199, 237),
(17, '37472', 'house', '4023.00', 10, 'Nebraska', 880, 393, 175, 250),
(18, '61790', 'house', '9591.00', 7, 'MA', 885, 29, 110, 217),
(19, '15973', 'duplex', '9549.00', 2, 'MD', 883, 339, 84, 335),
(20, '01608', 'triplex', '9903.00', 8, 'Kansas', 881, 251, 143, 223),
(21, '13548', 'triplex', '3316.00', 6, 'Missouri', 882, 97, 49, 361),
(22, '10448', 'flat', '460.00', 10, 'TX', 884, 43, 40, 268),
(23, '12891', 'house', '797.00', 10, 'PA', 886, 369, 117, 355),
(24, '32643', 'triplex', '6592.00', 9, 'Maine', 886, 245, 78, 332),
(25, '12228', 'duplex', '1229.00', 2, 'KS', 877, 9, 83, 294),
(26, '29060', 'flat', '6098.00', 9, 'WI', 880, 144, 188, 396),
(27, '55520', 'house', '9278.00', 4, 'WA', 881, 160, 158, 365),
(28, '17721', 'house', '6412.00', 7, 'Virginia', 878, 230, 186, 400),
(29, '73663', 'duplex', '9164.00', 2, 'IA', 886, 85, 149, 7),
(30, '08785', 'flat', '9546.00', 5, 'California', 878, 216, 189, 253),
(31, '92816', 'flat', '9362.00', 3, 'GA', 878, 100, 108, 342),
(32, '18467', 'duplex', '172.00', 4, 'MO', 877, 128, 113, 237),
(33, '21714', 'duplex', '5049.00', 7, 'Texas', 878, 353, 186, 224),
(34, '93432', 'flat', '3630.00', 3, 'Michigan', 886, 48, 39, 207),
(35, '62661', 'house', '5115.00', 2, 'KS', 881, 169, 142, 283),
(36, '35009', 'house', '6373.00', 4, 'Virginia', 878, 241, 115, 261),
(37, '40645', 'flat', '3074.00', 4, 'Louisiana', 880, 132, 14, 364),
(38, '59662', 'flat', '8713.00', 6, 'IA', 880, 51, 175, 251),
(39, '13914', 'flat', '8866.00', 6, 'Montana', 886, 222, 62, 384),
(40, '25355', 'house', '5525.00', 8, 'VT', 882, 42, 195, 231),
(41, '47461', 'flat', '4162.00', 8, 'MA', 882, 59, 2, 275),
(42, '59761', 'flat', '7663.00', 3, 'GA', 881, 14, 164, 282),
(43, '61089', 'house', '4448.00', 8, 'OK', 880, 25, 192, 301),
(44, '97290', 'duplex', '6497.00', 9, 'WA', 880, 386, 64, 377),
(45, '09434', 'flat', '6488.00', 10, 'GA', 877, 244, 113, 309),
(46, '46068', 'house', '3596.00', 3, 'CO', 882, 47, 195, 333),
(47, '33573', 'triplex', '3054.00', 6, 'MI', 882, 176, 105, 205),
(48, '63381', 'duplex', '2548.00', 6, 'NE', 879, 333, 187, 276),
(49, '05613', 'flat', '1755.00', 3, 'TN', 882, 106, 46, 333),
(50, '31429', 'triplex', '9562.00', 8, 'WA', 881, 74, 47, 230),
(51, '88701', 'flat', '8626.00', 10, 'OH', 879, 153, 170, 296),
(52, '77316', 'triplex', '3278.00', 8, 'Montana', 877, 182, 83, 211),
(53, '55675', 'triplex', '5586.00', 3, 'WA', 885, 210, 125, 3),
(54, '31044', 'duplex', '5216.00', 5, 'IN', 880, 386, 23, 388),
(55, '31904', 'flat', '6563.00', 4, 'OH', 885, 352, 37, 217),
(56, '54018', 'flat', '8710.00', 4, 'Oregon', 882, 124, 46, 205),
(57, '28465', 'duplex', '393.00', 4, 'Nevada', 880, 225, 23, 350),
(58, '93550', 'triplex', '861.00', 2, 'Florida', 883, 391, 100, 216),
(59, '22906', 'triplex', '9139.00', 7, 'Maine', 886, 245, 161, 363),
(60, '61395', 'triplex', '1020.00', 6, 'MN', 878, 213, 181, 313),
(61, '20739', 'flat', '9319.00', 7, 'Florida', 886, 369, 196, 207),
(62, '31212', 'flat', '9036.00', 4, 'Washington', 882, 145, 2, 275),
(63, '85952', 'flat', '4346.00', 8, 'WA', 877, 211, 193, 337),
(64, '82288', 'triplex', '6908.00', 5, 'Missouri', 877, 196, 122, 11),
(65, '83435', 'duplex', '5536.00', 6, 'Maryland', 884, 43, 126, 373),
(66, '66225', 'flat', '4432.00', 9, 'Kentucky', 878, 101, 36, 325),
(67, '98259', 'flat', '9028.00', 5, 'Montana', 885, 173, 133, 221),
(68, '81287', 'triplex', '4394.00', 3, 'NE', 881, 268, 27, 349),
(69, '67362', 'triplex', '2619.00', 6, 'KS', 884, 340, 184, 378),
(70, '94684', 'house', '6041.00', 6, 'TX', 877, 394, 56, 348),
(71, '63537', 'duplex', '1482.00', 8, 'Delaware', 884, 156, 11, 262),
(72, '51384', 'triplex', '4751.00', 10, 'Alaska', 885, 371, 130, 217),
(73, '11145', 'flat', '5412.00', 6, 'Arkansas', 877, 34, 99, 213),
(74, '46988', 'triplex', '4896.00', 4, 'Missouri', 881, 130, 140, 368),
(75, '83032', 'flat', '8837.00', 8, 'Tennessee', 880, 66, 1, 242),
(76, '38770', 'flat', '6823.00', 6, 'Kentucky', 883, 391, 10, 399),
(77, '27622', 'house', '9625.00', 7, 'MA', 885, 231, 110, 338),
(78, '72087', 'duplex', '5295.00', 10, 'Nebraska', 880, 306, 192, 322),
(79, '51740', 'house', '6571.00', 2, 'IL', 884, 385, 93, 360),
(80, '79077', 'triplex', '9913.00', 9, 'IL', 885, 384, 120, 3),
(81, '54527', 'duplex', '4955.00', 2, 'Washington', 886, 193, 26, 352),
(82, '24745', 'triplex', '581.00', 2, 'GA', 883, 45, 138, 383),
(83, '30419', 'house', '409.00', 2, 'WY', 886, 12, 86, 363),
(84, '40351', 'house', '5548.00', 8, 'OR', 879, 358, 187, 269),
(85, '56638', 'house', '6368.00', 9, 'OH', 885, 205, 133, 3),
(86, '13673', 'duplex', '922.00', 10, 'Louisiana', 877, 94, 56, 294),
(87, '07630', 'duplex', '2391.00', 4, 'Georgia', 883, 62, 10, 397),
(88, '75220', 'duplex', '5786.00', 10, 'Oregon', 882, 73, 49, 370),
(89, '13872', 'duplex', '7181.00', 9, 'Maine', 878, 95, 36, 345),
(90, '59390', 'duplex', '481.00', 10, 'Nevada', 881, 251, 73, 390),
(91, '74253', 'flat', '3097.00', 3, 'FL', 883, 258, 84, 216),
(92, '54893', 'flat', '1054.00', 6, 'Texas', 880, 66, 64, 19),
(93, '12163', 'triplex', '4816.00', 3, 'Tennessee', 881, 344, 76, 235),
(94, '72687', 'triplex', '873.00', 7, 'OK', 877, 360, 28, 337),
(95, '69747', 'house', '1102.00', 4, 'MT', 884, 149, 126, 254),
(96, '78534', 'triplex', '4573.00', 7, 'CT', 877, 312, 83, 11),
(97, '48606', 'triplex', '8139.00', 3, 'Virginia', 880, 327, 64, 301),
(98, '84735', 'triplex', '4689.00', 8, 'California', 881, 268, 121, 349),
(99, '66704', 'triplex', '4780.00', 5, 'HI', 880, 201, 124, 359),
(100, '49458', 'duplex', '8564.00', 9, 'Wyoming', 885, 104, 37, 265),
(101, '11534', 'flat', '847.00', 6, 'Minnesota', 885, 29, 21, 392),
(102, '46951', 'house', '1527.00', 9, 'Arizona', 881, 4, 155, 317),
(103, '60180', 'house', '8457.00', 8, 'Virginia', 878, 203, 36, 215),
(104, '42117', 'house', '7786.00', 9, 'ME', 880, 184, 44, 388),
(105, '28461', 'flat', '5109.00', 5, 'MS', 886, 271, 62, 352),
(106, '62139', 'triplex', '8680.00', 2, 'Indiana', 884, 26, 184, 373),
(107, '78588', 'triplex', '7644.00', 2, 'Arkansas', 886, 139, 127, 307),
(108, '78437', 'triplex', '986.00', 5, 'Wyoming', 880, 238, 188, 242),
(109, '38405', 'duplex', '1226.00', 9, 'MN', 884, 26, 31, 347),
(110, '11872', 'triplex', '8874.00', 6, 'FL', 886, 288, 60, 332),
(111, '11053', 'triplex', '229.00', 8, 'TN', 884, 192, 54, 360),
(112, '79112', 'house', '2012.00', 10, 'Delaware', 877, 275, 200, 319),
(113, '53506', 'house', '7775.00', 9, 'CT', 880, 117, 23, 219),
(114, '46136', 'duplex', '6196.00', 5, 'Ohio', 885, 371, 61, 221),
(115, '72084', 'house', '2617.00', 8, 'VA', 885, 194, 125, 353),
(116, '88140', 'house', '8665.00', 5, 'NV', 886, 221, 22, 228),
(117, '83230', 'triplex', '2825.00', 5, 'WI', 885, 384, 37, 246),
(118, '85763', 'flat', '8021.00', 4, 'Wisconsin', 880, 270, 44, 271),
(119, '42604', 'duplex', '8940.00', 5, 'Iowa', 882, 387, 35, 333),
(120, '82377', 'duplex', '585.00', 6, 'GA', 877, 228, 28, 220),
(121, '95867', 'house', '4553.00', 8, 'Vermont', 882, 145, 95, 236),
(122, '14208', 'flat', '4103.00', 7, 'Minnesota', 882, 289, 57, 273),
(123, '39692', 'house', '6089.00', 7, 'Arkansas', 885, 311, 116, 338),
(124, '64976', 'flat', '4216.00', 5, 'AK', 878, 96, 178, 224),
(125, '95988', 'house', '7752.00', 4, 'Tennessee', 879, 2, 90, 276),
(126, '36546', 'house', '2686.00', 8, 'NE', 878, 54, 114, 321),
(127, '56257', 'triplex', '6295.00', 7, 'FL', 877, 98, 82, 319),
(128, '98128', 'house', '1958.00', 9, 'Colorado', 882, 137, 85, 226),
(129, '39879', 'house', '8293.00', 7, 'AZ', 886, 369, 146, 267),
(130, '62288', 'triplex', '8226.00', 8, 'MN', 883, 161, 91, 381),
(131, '25365', 'duplex', '6108.00', 8, 'MD', 879, 278, 52, 290),
(132, '04401', 'house', '7424.00', 2, 'Maine', 884, 96, 31, 299),
(133, '60051', 'triplex', '3294.00', 9, 'WY', 880, 25, 45, 250),
(134, '39146', 'duplex', '5853.00', 8, 'MT', 877, 78, 63, 211),
(135, '13356', 'house', '7867.00', 4, 'Wisconsin', 883, 339, 150, 229),
(136, '99059', 'house', '3149.00', 9, 'OK', 879, 40, 101, 257),
(137, '83744', 'house', '3773.00', 5, 'Louisiana', 880, 238, 175, 314),
(138, '88317', 'flat', '9825.00', 3, 'AL', 886, 61, 127, 352),
(139, '24621', 'duplex', '3260.00', 9, 'Ohio', 881, 79, 47, 223),
(140, '84977', 'duplex', '6188.00', 3, 'Iowa', 881, 301, 5, 235),
(141, '15312', 'duplex', '3935.00', 4, 'IL', 877, 174, 63, 213),
(142, '23452', 'flat', '5806.00', 10, 'Indiana', 886, 290, 141, 395),
(143, '95400', 'flat', '7277.00', 5, 'Connecticut', 886, 61, 117, 228),
(144, '97716', 'house', '6546.00', 4, 'Delaware', 877, 78, 83, 309),
(145, '18121', 'duplex', '4106.00', 9, 'AK', 880, 51, 1, 242),
(146, '69020', 'duplex', '5687.00', 5, 'Virginia', 883, 253, 185, 259),
(147, '77224', 'triplex', '3349.00', 10, 'California', 884, 314, 119, 202),
(148, '41590', 'house', '4494.00', 9, 'Missouri', 881, 122, 135, 341),
(149, '20768', 'duplex', '1305.00', 10, 'California', 886, 321, 161, 307),
(150, '76969', 'duplex', '3086.00', 9, 'LA', 880, 24, 111, 301),
(151, '29812', 'triplex', '6771.00', 10, 'FL', 877, 228, 200, 220),
(152, '98956', 'duplex', '2411.00', 5, 'Oregon', 878, 385, 24, 313),
(153, '79735', 'duplex', '4183.00', 2, 'MO', 881, 171, 71, 277),
(154, '43545', 'flat', '220.00', 2, 'ME', 881, 130, 140, 341),
(155, '16701', 'house', '9622.00', 5, 'Kentucky', 886, 245, 161, 352),
(156, '36631', 'duplex', '4055.00', 3, 'Arkansas', 878, 337, 88, 358),
(157, '98525', 'house', '8542.00', 6, 'Kansas', 879, 3, 182, 304),
(158, '99456', 'duplex', '5963.00', 7, 'Wisconsin', 882, 387, 154, 205),
(159, '14043', 'house', '6371.00', 7, 'Delaware', 884, 375, 11, 357),
(160, '07977', 'flat', '1389.00', 2, 'CT', 886, 245, 141, 272),
(161, '40122', 'house', '7946.00', 9, 'Utah', 883, 57, 173, 335),
(162, '70911', 'triplex', '125.00', 6, 'Wyoming', 878, 337, 33, 358),
(163, '58939', 'triplex', '6807.00', 3, 'Illinois', 881, 300, 67, 230),
(164, '62821', 'triplex', '4811.00', 7, 'Florida', 879, 107, 52, 316),
(165, '33146', 'triplex', '8206.00', 7, 'CO', 878, 353, 178, 263),
(166, '66000', 'house', '3848.00', 6, 'Michigan', 882, 73, 46, 385),
(167, '44634', 'flat', '9067.00', 9, 'VT', 886, 204, 39, 363),
(168, '30863', 'duplex', '9048.00', 8, 'HI', 886, 395, 22, 207),
(169, '46132', 'triplex', '417.00', 7, 'Nebraska', 885, 231, 21, 221),
(170, '20295', 'flat', '3089.00', 10, 'UT', 880, 207, 1, 314),
(171, '84083', 'flat', '3703.00', 10, 'Nebraska', 877, 11, 56, 294),
(172, '02653', 'flat', '9146.00', 4, 'VA', 882, 324, 102, 344),
(173, '92854', 'flat', '8610.00', 3, 'CO', 880, 201, 124, 251),
(174, '70018', 'triplex', '1026.00', 2, 'Missouri', 881, 293, 121, 283),
(175, '70022', 'duplex', '85.00', 6, 'VA', 885, 173, 162, 264),
(176, '30294', 'duplex', '6879.00', 7, 'Georgia', 878, 156, 115, 224),
(177, '31650', 'flat', '3828.00', 3, 'Nebraska', 883, 391, 59, 279),
(178, '76915', 'flat', '98.00', 4, 'IA', 884, 54, 145, 256),
(179, '07734', 'duplex', '1444.00', 2, 'VT', 878, 298, 108, 300),
(180, '53003', 'duplex', '1333.00', 10, 'Pennsylvania', 881, 70, 68, 317),
(181, '32507', 'house', '2519.00', 3, 'Wisconsin', 886, 114, 22, 355),
(182, '50237', 'house', '8647.00', 7, 'Montana', 882, 77, 159, 311),
(183, '39966', 'duplex', '3299.00', 10, 'Alabama', 883, 304, 18, 374),
(184, '69849', 'flat', '7831.00', 7, 'WY', 882, 20, 2, 292),
(185, '63572', 'duplex', '7766.00', 10, 'Maine', 879, 318, 144, 290),
(186, '57756', 'duplex', '5084.00', 7, 'KY', 885, 384, 29, 392),
(187, '99892', 'triplex', '8281.00', 2, 'AZ', 886, 90, 196, 384),
(188, '88452', 'house', '800.00', 10, 'Tennessee', 879, 383, 52, 296),
(189, '33846', 'house', '5045.00', 3, 'KY', 881, 79, 71, 223),
(190, '52193', 'flat', '9274.00', 2, 'Mississippi', 881, 105, 47, 379),
(191, '78095', 'house', '9192.00', 6, 'Idaho', 877, 259, 63, 237),
(192, '16454', 'flat', '2641.00', 6, 'IA', 878, 340, 77, 253),
(193, '39947', 'house', '5457.00', 2, 'Nevada', 883, 142, 185, 374),
(194, '61636', 'triplex', '3460.00', 10, 'Washington', 878, 115, 176, 258),
(195, '81148', 'triplex', '831.00', 5, 'CO', 885, 104, 130, 245),
(196, '12705', 'triplex', '3482.00', 9, 'TN', 885, 346, 94, 320),
(197, '63891', 'triplex', '5232.00', 10, 'Utah', 877, 44, 122, 309),
(198, '34991', 'triplex', '8356.00', 5, 'GA', 877, 182, 199, 237),
(199, '22499', 'house', '6445.00', 3, 'UT', 878, 83, 33, 300),
(200, '56441', 'duplex', '8228.00', 5, 'Maine', 885, 186, 107, 212);

-- --------------------------------------------------------

--
-- Table structure for table `staff`
--

CREATE TABLE `staff` (
  `staffID` int(11) NOT NULL,
  `staff_number` varchar(255) NOT NULL,
  `fName` varchar(255) NOT NULL,
  `sex` enum('male','female') NOT NULL,
  `dob` date NOT NULL,
  `tele_number` varchar(255) NOT NULL,
  `position` enum('assistant','supervisor','manager') NOT NULL,
  `salary` decimal(15,2) NOT NULL,
  `manager_start_date` date DEFAULT NULL,
  `manager_bonus` decimal(15,2) DEFAULT NULL,
  `branchID` int(11) NOT NULL,
  `supervisorID` int(11) DEFAULT NULL
) ENGINE=InnoDB DEFAULT CHARSET=utf8mb4;

--
-- Dumping data for table `staff`
--

INSERT INTO `staff` (`staffID`, `staff_number`, `fName`, `sex`, `dob`, `tele_number`, `position`, `salary`, `manager_start_date`, `manager_bonus`, `branchID`, `supervisorID`) VALUES
(1, '68569', 'Sawyer B. Peck', 'male', '1988-09-04', '07048 000971', 'supervisor', '7866.00', NULL, NULL, 883, NULL),
(2, '07967', 'Octavius C. Wiley', 'male', '1974-01-23', '(01745) 842127', 'supervisor', '8371.00', NULL, NULL, 884, NULL),
(3, '34677', 'Declan H. Mcneil', 'male', '1975-11-11', '(01602) 850257', 'supervisor', '9101.00', NULL, NULL, 885, NULL),
(5, '93976', 'Cadman X. Baker', 'male', '1990-10-03', '(0191) 037 9536', 'supervisor', '7910.00', NULL, NULL, 882, NULL),
(7, '40522', 'Justina U. Bradley', 'female', '1978-10-23', '076 6663 6028', 'supervisor', '6639.00', NULL, NULL, 886, NULL),
(8, '15862', 'Myra C. Holder', 'female', '1992-04-24', '0500 669063', 'supervisor', '6290.00', NULL, NULL, 881, NULL),
(9, '41340', 'Walter Y. Craft', 'male', '1993-03-19', '0800 1111', 'supervisor', '8118.00', NULL, NULL, 878, NULL),
(11, '54161', 'Jakeem J. Reid', 'female', '1987-04-26', '(01470) 768323', 'supervisor', '9783.00', NULL, NULL, 877, NULL),
(19, '41510', 'Phelan R. Kennedy', 'female', '1973-10-18', '(01493) 173593', 'supervisor', '5305.00', NULL, NULL, 880, NULL),
(27, '90547', 'Patience I. Estrada', 'male', '1994-10-21', '(018099) 15752', 'supervisor', '9487.00', NULL, NULL, 879, NULL),
(201, '68569', 'Sawyer B. Peck', 'male', '1988-09-04', '07048 000971', 'supervisor', '7866.00', NULL, NULL, 883, NULL),
(202, '07967', 'Octavius C. Wiley', 'male', '1974-01-23', '(01745) 842127', 'supervisor', '8371.00', NULL, NULL, 884, NULL),
(203, '34677', 'Declan H. Mcneil', 'male', '1975-11-11', '(01602) 850257', 'supervisor', '9101.00', NULL, NULL, 885, NULL),
(204, '96459', 'Philip W. Moran', 'female', '1980-05-16', '(020) 4281 7311', 'supervisor', '5503.00', NULL, NULL, 884, NULL),
(205, '93976', 'Cadman X. Baker', 'male', '1990-10-03', '(0191) 037 9536', 'supervisor', '7910.00', NULL, NULL, 882, NULL),
(206, '29129', 'Jakeem S. Nelson', 'female', '1977-09-03', '076 6104 9602', 'supervisor', '5738.00', NULL, NULL, 883, NULL),
(207, '40522', 'Justina U. Bradley', 'female', '1978-10-23', '076 6663 6028', 'supervisor', '6639.00', NULL, NULL, 886, NULL),
(208, '15862', 'Myra C. Holder', 'female', '1992-04-24', '0500 669063', 'supervisor', '6290.00', NULL, NULL, 881, NULL),
(209, '41340', 'Walter Y. Craft', 'male', '1993-03-19', '0800 1111', 'supervisor', '8118.00', NULL, NULL, 878, NULL),
(210, '96803', 'Brynn W. Carrillo', 'female', '1974-06-05', '0800 776 7058', 'supervisor', '7501.00', NULL, NULL, 885, NULL),
(211, '54161', 'Jakeem J. Reid', 'female', '1987-04-26', '(01470) 768323', 'assistant', '9783.00', NULL, NULL, 877, 11),
(212, '52988', 'Erica B. Hodge', 'female', '1986-06-05', '(0121) 591 0237', 'assistant', '7366.00', NULL, NULL, 885, 3),
(213, '67463', 'Idola I. Ware', 'male', '1992-04-11', '07624 612922', 'supervisor', '8030.00', NULL, NULL, 877, NULL),
(214, '58866', 'Ella X. Horn', 'male', '1977-03-03', '055 5417 1185', 'assistant', '9171.00', NULL, NULL, 877, 11),
(215, '29980', 'Jamalia N. Decker', 'female', '1985-12-13', '0964 268 1182', 'supervisor', '5635.00', NULL, NULL, 878, NULL),
(216, '24198', 'Mona W. Higgins', 'female', '1995-05-10', '056 9640 9271', 'supervisor', '8966.00', NULL, NULL, 883, NULL),
(217, '87186', 'Tamara E. Oneal', 'male', '1973-10-10', '0800 520 5007', 'assistant', '6897.00', NULL, NULL, 885, 3),
(218, '32320', 'Pearl U. Wooten', 'female', '1983-12-18', '0800 514 1454', 'supervisor', '7608.00', NULL, NULL, 882, NULL),
(219, '41510', 'Phelan R. Kennedy', 'female', '1973-10-18', '(01493) 173593', 'supervisor', '5305.00', NULL, NULL, 880, NULL),
(220, '32974', 'Yen X. Norton', 'female', '1975-06-04', '(020) 2724 1232', 'assistant', '8714.00', NULL, NULL, 877, 11),
(221, '66450', 'Signe S. Foreman', 'male', '1997-07-14', '0500 903413', 'assistant', '6899.00', NULL, NULL, 885, 3),
(222, '69380', 'Jacob K. Page', 'male', '1980-11-27', '(0161) 854 0534', 'assistant', '7494.00', NULL, NULL, 885, 3),
(223, '17885', 'Vielka Y. Pruitt', 'male', '1998-06-23', '0968 119 9704', 'supervisor', '9933.00', NULL, NULL, 881, NULL),
(224, '56892', 'Lenore N. Booker', 'female', '1982-11-29', '0845 46 47', 'supervisor', '6459.00', NULL, NULL, 878, NULL),
(225, '45201', 'Adrienne Z. Myers', 'male', '1974-02-08', '(016977) 4212', 'assistant', '9453.00', NULL, NULL, 884, 2),
(226, '75410', 'Alea R. Bond', 'male', '1997-04-12', '070 1216 7167', 'assistant', '5659.00', NULL, NULL, 882, 5),
(227, '90547', 'Patience I. Estrada', 'male', '1994-10-21', '(018099) 15752', 'supervisor', '9487.00', NULL, NULL, 879, NULL),
(228, '00613', 'Jayme V. Ortiz', 'female', '1984-09-12', '056 3227 2232', 'supervisor', '6005.00', NULL, NULL, 886, NULL),
(229, '78117', 'Nathaniel U. Mckay', 'female', '1981-01-18', '0845 46 42', 'supervisor', '8838.00', NULL, NULL, 883, NULL),
(230, '29507', 'Harriet M. Lloyd', 'female', '1985-01-08', '0905 394 4780', 'assistant', '6514.00', NULL, NULL, 881, 8),
(231, '54160', 'Cynthia A. Mejia', 'male', '1980-08-17', '0800 1111', 'assistant', '5073.00', NULL, NULL, 882, 5),
(232, '36369', 'Tanya N. Moran', 'male', '1998-05-06', '0807 610 4655', 'supervisor', '8705.00', NULL, NULL, 879, NULL),
(233, '33844', 'Harding L. Meyers', 'female', '1992-03-28', '(0191) 824 5323', 'assistant', '5456.00', NULL, NULL, 886, 7),
(234, '42697', 'Clark C. Moody', 'female', '1989-10-02', '070 4492 7444', 'assistant', '5594.00', NULL, NULL, 884, 2),
(235, '45942', 'Jerome T. Mcdonald', 'female', '1978-01-06', '(016977) 0165', 'assistant', '6553.00', NULL, NULL, 881, 8),
(236, '23746', 'Nolan W. Maxwell', 'male', '1989-04-04', '0800 611728', 'assistant', '8826.00', NULL, NULL, 882, 5),
(237, '93795', 'Myra G. Harris', 'female', '1970-04-13', '0800 1111', 'assistant', '6145.00', NULL, NULL, 877, 11),
(238, '04436', 'Wade Q. Holder', 'male', '1979-07-28', '070 1831 2190', 'assistant', '6885.00', NULL, NULL, 885, 3),
(239, '34275', 'Stella O. Allison', 'male', '1997-10-11', '07624 247263', 'assistant', '7578.00', NULL, NULL, 881, 8),
(240, '42101', 'Knox Y. Holloway', 'male', '1987-10-01', '056 3084 2553', 'assistant', '6294.00', NULL, NULL, 882, 5),
(241, '74046', 'Adara S. Cotton', 'male', '1995-12-26', '0845 46 48', 'assistant', '7672.00', NULL, NULL, 882, 5),
(242, '95584', 'Justine V. Hansen', 'female', '1997-05-30', '07684 703665', 'supervisor', '8835.00', NULL, NULL, 880, NULL),
(243, '73515', 'Deirdre I. Wiggins', 'male', '1998-09-03', '0800 139 9413', 'assistant', '8615.00', NULL, NULL, 877, 11),
(244, '13835', 'Alisa N. Oneal', 'male', '1977-08-08', '0800 1111', 'supervisor', '5647.00', NULL, NULL, 879, NULL),
(245, '06106', 'Kasimir K. Coffey', 'female', '1995-01-16', '055 8926 7244', 'assistant', '6553.00', NULL, NULL, 885, 203),
(246, '00435', 'Abel I. Koch', 'male', '1974-03-09', '(022) 1713 1224', 'assistant', '8301.00', NULL, NULL, 885, 203),
(247, '49679', 'Dominique G. Bryant', 'male', '1984-03-25', '0800 1111', 'assistant', '9677.00', NULL, NULL, 883, 1),
(248, '13160', 'Maris T. Hickman', 'male', '1997-04-16', '0500 435222', 'assistant', '8917.00', NULL, NULL, 879, 27),
(249, '49275', 'Linda N. Pierce', 'female', '1985-12-08', '0500 797758', 'assistant', '8335.00', NULL, NULL, 883, 1),
(250, '95649', 'Upton E. Foreman', 'male', '1984-02-09', '0800 972 6433', 'assistant', '6066.00', NULL, NULL, 880, 19),
(251, '79657', 'Beatrice F. Roberson', 'male', '1979-04-26', '0500 182866', 'assistant', '7600.00', NULL, NULL, 880, 19),
(252, '09613', 'Montana Z. Ramirez', 'female', '1975-05-04', '07624 876449', 'assistant', '5622.00', NULL, NULL, 877, 11),
(253, '58837', 'Rigel S. Sweeney', 'male', '1971-03-09', '0500 344468', 'assistant', '9820.00', NULL, NULL, 878, 9),
(254, '50742', 'Claudia V. Caldwell', 'female', '1975-09-25', '0340 244 3482', 'assistant', '5240.00', NULL, NULL, 884, 2),
(255, '78004', 'Darryl K. Jackson', 'female', '1995-05-30', '(01973) 407311', 'assistant', '9464.00', NULL, NULL, 884, 2),
(256, '01940', 'Oliver R. Leonard', 'male', '1972-01-07', '(01089) 02672', 'assistant', '8181.00', NULL, NULL, 884, 2),
(257, '36013', 'Robert E. Holmes', 'male', '1993-06-08', '(016977) 4178', 'assistant', '9015.00', NULL, NULL, 879, 27),
(258, '22192', 'Alma R. Wiley', 'female', '1972-01-20', '(01654) 601421', 'assistant', '9412.00', NULL, NULL, 878, 9),
(259, '63100', 'Uriah J. Montoya', 'male', '1981-06-05', '0845 46 49', 'assistant', '8515.00', NULL, NULL, 883, 1),
(260, '12024', 'Ira R. Hammond', 'female', '1983-10-03', '056 7815 7869', 'assistant', '5213.00', NULL, NULL, 879, 27),
(261, '54868', 'Adara L. Gill', 'female', '1985-04-21', '055 7486 5688', 'assistant', '7069.00', NULL, NULL, 878, 9),
(262, '29071', 'Cheryl N. Gamble', 'male', '1989-11-18', '0842 332 9660', 'assistant', '8451.00', NULL, NULL, 884, 202),
(263, '96211', 'Mariam J. Garner', 'female', '1990-01-26', '0915 780 9595', 'assistant', '8907.00', NULL, NULL, 878, 9),
(264, '97528', 'Karleigh X. Hudson', 'female', '1970-07-02', '(016977) 3440', 'assistant', '8136.00', NULL, NULL, 885, 203),
(265, '05193', 'Anjolie U. Holman', 'male', '1981-11-26', '0800 503 6597', 'assistant', '7688.00', NULL, NULL, 885, 203),
(266, '17925', 'Ruby E. Reeves', 'female', '1983-01-12', '07624 431800', 'assistant', '9606.00', NULL, NULL, 879, 27),
(267, '12134', 'Kyra M. James', 'female', '1979-07-07', '(01818) 682956', 'assistant', '5338.00', NULL, NULL, 886, 7),
(268, '31618', 'Hermione R. Ratliff', 'male', '1987-11-30', '076 5008 2931', 'assistant', '6220.00', NULL, NULL, 884, 202),
(269, '46263', 'Brynn O. Vaughn', 'male', '1978-11-14', '(012060) 77257', 'assistant', '7611.00', NULL, NULL, 879, 27),
(270, '36570', 'Kamal R. Myers', 'female', '1982-12-22', '076 0169 6226', 'assistant', '7830.00', NULL, NULL, 879, 27),
(271, '28473', 'Trevor C. Keith', 'female', '1984-03-23', '0841 537 5652', 'assistant', '6484.00', NULL, NULL, 880, 19),
(272, '53494', 'Allegra L. Benjamin', 'male', '1983-05-11', '055 0781 7938', 'assistant', '6182.00', NULL, NULL, 886, 7),
(273, '20380', 'Vanna K. Ferguson', 'male', '1977-03-14', '0800 675 0206', 'assistant', '7736.00', NULL, NULL, 882, 205),
(274, '39665', 'Piper R. Nielsen', 'female', '1976-07-29', '(01186) 54451', 'assistant', '6346.00', NULL, NULL, 883, 1),
(275, '62128', 'Galvin V. Rodriguez', 'male', '1998-12-10', '0500 762165', 'assistant', '5281.00', NULL, NULL, 882, 205),
(276, '50433', 'Kennan W. Bass', 'female', '1990-05-20', '0973 605 5534', 'assistant', '6548.00', NULL, NULL, 879, 227),
(277, '44533', 'Colorado S. Hancock', 'male', '1992-10-06', '0881 914 4886', 'assistant', '5667.00', NULL, NULL, 881, 8),
(278, '37319', 'Quyn D. Patton', 'male', '1979-06-16', '055 3725 7764', 'assistant', '7438.00', NULL, NULL, 879, 227),
(279, '93865', 'Hermione J. Huff', 'male', '1984-08-04', '(01508) 892393', 'assistant', '7750.00', NULL, NULL, 883, 1),
(280, '33108', 'Carly F. Collier', 'male', '1970-07-31', '(012614) 29235', 'assistant', '6021.00', NULL, NULL, 879, 227),
(281, '35844', 'Ralph K. Gilbert', 'male', '1981-09-13', '0313 657 0968', 'assistant', '6791.00', NULL, NULL, 884, 202),
(282, '29856', 'Macy S. Stephens', 'female', '1993-09-20', '0800 1111', 'assistant', '7858.00', NULL, NULL, 881, 8),
(283, '26831', 'Yvonne E. Odom', 'male', '1971-06-01', '076 9154 1217', 'assistant', '9099.00', NULL, NULL, 881, 208),
(284, '11919', 'Jeremy X. Branch', 'male', '1989-02-06', '(01129) 552732', 'assistant', '8079.00', NULL, NULL, 878, 209),
(285, '16733', 'Colby F. Pollard', 'female', '1970-01-20', '0800 1111', 'assistant', '5990.00', NULL, NULL, 883, 1),
(286, '66815', 'Xantha P. Whitley', 'male', '1990-08-28', '(01074) 65136', 'assistant', '8468.00', NULL, NULL, 877, 213),
(287, '08725', 'Brian D. Hooper', 'male', '1976-01-14', '056 5654 6771', 'assistant', '8606.00', NULL, NULL, 886, 7),
(288, '53733', 'Benjamin F. Mullins', 'male', '1981-04-20', '07624 405015', 'assistant', '8570.00', NULL, NULL, 883, 201),
(289, '82637', 'Hedley C. Mclaughlin', 'female', '1975-10-23', '0800 1111', 'assistant', '7370.00', NULL, NULL, 886, 7),
(290, '67723', 'Britanney E. Brown', 'female', '1978-04-15', '076 1078 3790', 'assistant', '9187.00', NULL, NULL, 879, 227),
(291, '97702', 'Jaden U. Leonard', 'male', '1977-08-12', '070 5951 9654', 'assistant', '6498.00', NULL, NULL, 883, 201),
(292, '50792', 'Josephine T. Wilson', 'male', '1983-05-27', '(01123) 013672', 'assistant', '9182.00', NULL, NULL, 882, 205),
(293, '10207', 'Hector R. Hurst', 'female', '1982-11-13', '(023) 9978 1618', 'assistant', '5398.00', NULL, NULL, 883, 201),
(294, '32635', 'Barclay N. Patton', 'female', '1977-10-27', '(0141) 322 3185', 'assistant', '7803.00', NULL, NULL, 877, 213),
(295, '62897', 'Denton A. Barlow', 'female', '1989-09-01', '0845 46 43', 'assistant', '9198.00', NULL, NULL, 879, 244),
(296, '43573', 'Hannah V. Morin', 'female', '1995-01-22', '056 9421 0575', 'assistant', '6444.00', NULL, NULL, 879, 232),
(297, '46135', 'Jacob A. Johnston', 'male', '1985-09-19', '0800 1111', 'assistant', '8530.00', NULL, NULL, 883, 201),
(298, '90360', 'Keefe T. Johns', 'male', '1986-11-14', '0861 314 3380', 'assistant', '8030.00', NULL, NULL, 884, 202),
(299, '18009', 'Nathan J. Savage', 'male', '1992-11-13', '055 7850 4523', 'assistant', '8034.00', NULL, NULL, 884, 202),
(300, '84189', 'Courtney W. Henson', 'female', '1987-06-25', '070 4861 6248', 'assistant', '8980.00', NULL, NULL, 878, 209),
(301, '62028', 'Uta C. Woodard', 'male', '1991-10-22', '0934 870 6973', 'assistant', '8227.00', NULL, NULL, 880, 219),
(302, '90668', 'Nigel O. Shaffer', 'female', '1970-08-20', '(0131) 239 3843', 'assistant', '7718.00', NULL, NULL, 881, 208),
(303, '80401', 'Harding G. Hodge', 'female', '1971-03-08', '(01294) 44294', 'assistant', '7311.00', NULL, NULL, 878, 209),
(304, '02925', 'Christine X. Shelton', 'male', '1979-06-11', '(0118) 685 6089', 'assistant', '8844.00', NULL, NULL, 879, 232),
(305, '96624', 'Brenden Q. Perry', 'male', '1998-10-09', '(0116) 012 1030', 'assistant', '7307.00', NULL, NULL, 883, 201),
(306, '87714', 'Ivory Y. Villarreal', 'male', '1995-11-09', '07624 605671', 'assistant', '5377.00', NULL, NULL, 882, 205),
(307, '73945', 'Calvin Q. Marsh', 'female', '1977-02-21', '(016977) 2635', 'assistant', '5723.00', NULL, NULL, 886, 207),
(308, '71189', 'Lacey Z. Gill', 'male', '1999-12-19', '0880 135 5266', 'assistant', '6481.00', NULL, NULL, 885, 203),
(309, '04790', 'Naomi D. Odonnell', 'male', '1987-07-03', '(023) 4194 4552', 'assistant', '8818.00', NULL, NULL, 877, 213),
(310, '60315', 'Desiree G. Yang', 'male', '1995-01-05', '0800 992 9198', 'assistant', '8566.00', NULL, NULL, 882, 205),
(311, '17301', 'Abra F. Brooks', 'male', '1970-12-11', '0920 621 9159', 'assistant', '5050.00', NULL, NULL, 882, 205),
(312, '84815', 'Quamar H. Duke', 'female', '1976-09-21', '07624 717681', 'assistant', '5749.00', NULL, NULL, 885, 203),
(313, '90034', 'Cleo I. Olsen', 'female', '1971-08-23', '(01239) 37734', 'assistant', '9039.00', NULL, NULL, 878, 209),
(314, '21653', 'Carissa R. Jacobs', 'male', '1972-10-16', '0888 010 1327', 'assistant', '6789.00', NULL, NULL, 880, 219),
(315, '14559', 'Illiana X. Burnett', 'male', '1974-04-30', '0500 441370', 'assistant', '5353.00', NULL, NULL, 882, 218),
(316, '21609', 'Brandon Q. Grant', 'male', '1979-05-10', '07121 657210', 'assistant', '9674.00', NULL, NULL, 879, 232),
(317, '20543', 'Inga E. Stephens', 'male', '1988-08-01', '07624 984264', 'assistant', '5034.00', NULL, NULL, 881, 208),
(318, '62379', 'Iola R. Blair', 'male', '1986-10-01', '0942 290 2506', 'assistant', '6195.00', NULL, NULL, 886, 207),
(319, '15222', 'Myles R. Jennings', 'male', '1998-09-05', '(0101) 954 7863', 'assistant', '5351.00', NULL, NULL, 877, 213),
(320, '74266', 'Whoopi Z. Watts', 'male', '1998-01-05', '0971 455 7160', 'assistant', '7236.00', NULL, NULL, 885, 210),
(321, '13504', 'Melyssa M. Owens', 'female', '1999-01-15', '(017416) 04836', 'assistant', '8746.00', NULL, NULL, 878, 215),
(322, '79807', 'Jack I. Martin', 'female', '1988-06-24', '0976 439 9049', 'assistant', '7408.00', NULL, NULL, 880, 219),
(323, '39810', 'Kim T. Cotton', 'male', '1991-11-23', '0800 741 8906', 'assistant', '8652.00', NULL, NULL, 885, 210),
(324, '89656', 'Elvis M. Oneal', 'male', '1995-11-30', '0848 304 3099', 'assistant', '8179.00', NULL, NULL, 879, 244),
(325, '88631', 'Jasper A. Strickland', 'female', '1973-07-24', '07624 780613', 'assistant', '5199.00', NULL, NULL, 878, 215),
(326, '59091', 'Karyn C. Hamilton', 'male', '1977-01-15', '0800 209263', 'assistant', '7219.00', NULL, NULL, 883, 201),
(327, '56185', 'Tallulah F. Valentine', 'female', '1985-07-10', '(016977) 6308', 'assistant', '7307.00', NULL, NULL, 878, 215),
(328, '67958', 'Jayme H. Carver', 'female', '1996-08-26', '(01020) 017538', 'assistant', '8256.00', NULL, NULL, 885, 210),
(329, '78149', 'Vivien D. Brennan', 'male', '1978-01-23', '0802 908 9122', 'assistant', '6111.00', NULL, NULL, 878, 215),
(330, '61983', 'Nigel S. Holden', 'male', '1979-01-09', '0845 46 48', 'assistant', '7013.00', NULL, NULL, 881, 208),
(331, '48285', 'Caleb G. Bates', 'male', '1998-06-15', '(0151) 466 9191', 'assistant', '9061.00', NULL, NULL, 883, 201),
(332, '07814', 'Aileen P. Vaughn', 'male', '1975-04-04', '0800 881836', 'assistant', '6590.00', NULL, NULL, 886, 207),
(333, '41011', 'Amir I. Myers', 'female', '1979-01-26', '056 0376 7234', 'assistant', '5375.00', NULL, NULL, 882, 218),
(334, '86265', 'Alfonso O. Banks', 'female', '1972-10-14', '056 3074 8926', 'assistant', '5793.00', NULL, NULL, 884, 202),
(335, '11449', 'Jameson P. Morales', 'female', '1990-02-06', '(01352) 10172', 'assistant', '5077.00', NULL, NULL, 883, 206),
(336, '05437', 'Iona F. Rojas', 'female', '1995-01-01', '07095 137088', 'assistant', '9186.00', NULL, NULL, 884, 204),
(337, '11396', 'Quincy R. Nguyen', 'male', '1988-10-31', '(0115) 352 1337', 'assistant', '8241.00', NULL, NULL, 877, 213),
(338, '37989', 'Cherokee L. Pope', 'female', '1973-07-20', '(0151) 627 6083', 'assistant', '5042.00', NULL, NULL, 885, 210),
(339, '07980', 'Wynter K. Gaines', 'male', '1971-06-02', '0500 603670', 'assistant', '7257.00', NULL, NULL, 883, 206),
(340, '44291', 'Kane E. Yates', 'female', '1971-09-21', '(01953) 028379', 'assistant', '7664.00', NULL, NULL, 886, 228),
(341, '30561', 'Keane Y. Elliott', 'female', '1997-04-16', '0809 905 7754', 'assistant', '7528.00', NULL, NULL, 881, 208),
(342, '60288', 'Regan D. Farmer', 'male', '1996-01-02', '(016977) 3666', 'assistant', '8532.00', NULL, NULL, 878, 224),
(343, '65546', 'Stephanie I. Bond', 'male', '1973-05-28', '056 3197 1864', 'assistant', '5765.00', NULL, NULL, 879, 244),
(344, '57887', 'Murphy K. Powell', 'female', '1986-05-15', '0800 078017', 'assistant', '6010.00', NULL, NULL, 882, 218),
(345, '38474', 'Neil F. Yang', 'female', '1996-06-04', '0845 46 41', 'assistant', '8571.00', NULL, NULL, 878, 224),
(346, '57303', 'Irma I. Rich', 'male', '1982-03-24', '0845 46 42', 'assistant', '8135.00', NULL, NULL, 879, 244),
(347, '50705', 'Merrill K. Gamble', 'female', '1973-03-12', '055 4171 8644', 'assistant', '6446.00', NULL, NULL, 884, 204),
(348, '30663', 'Hayley C. Chase', 'female', '1983-08-13', '070 1738 3610', 'manager', '18600.00', '2005-05-19', '1200.00', 877, NULL),
(349, '83841', 'Holmes N. Calderon', 'female', '1994-08-07', '07624 883987', 'assistant', '6756.00', NULL, NULL, 881, 208),
(350, '07614', 'Shelly D. Wynn', 'male', '1974-08-17', '(010128) 29799', 'assistant', '7739.00', NULL, NULL, 880, 242),
(351, '91638', 'Coby N. Johnston', 'male', '1970-03-12', '0500 162446', 'assistant', '6313.00', NULL, NULL, 883, 206),
(352, '52078', 'Moana U. Mack', 'male', '1977-06-28', '056 4616 9143', 'assistant', '5304.00', NULL, NULL, 886, 228),
(353, '06261', 'Sade W. Cotton', 'female', '1996-04-01', '0500 130749', 'assistant', '9356.00', NULL, NULL, 885, 210),
(354, '66637', 'Kennedy K. Gardner', 'female', '1990-10-26', '076 9223 5263', 'assistant', '8491.00', NULL, NULL, 884, 204),
(355, '65423', 'Georgia K. Tucker', 'female', '1985-08-13', '056 1914 2059', 'assistant', '7836.00', NULL, NULL, 886, 228),
(356, '85077', 'Carter X. Atkinson', 'female', '1974-01-10', '076 7684 8342', 'assistant', '8955.00', NULL, NULL, 885, 210),
(357, '07558', 'Jaden T. Caldwell', 'female', '1983-08-15', '0800 506217', 'assistant', '7462.00', NULL, NULL, 884, 204),
(358, '20431', 'Casey Z. Woods', 'female', '1990-12-12', '0800 666 2069', 'assistant', '8770.00', NULL, NULL, 878, 224),
(359, '78087', 'Winifred J. Armstrong', 'female', '1987-07-15', '0800 027667', 'assistant', '7199.00', NULL, NULL, 880, 242),
(360, '82235', 'Vladimir M. Adams', 'female', '1973-09-19', '0800 1111', 'assistant', '7122.00', NULL, NULL, 884, 204),
(361, '68840', 'Linda Y. Burt', 'male', '1973-07-06', '070 2107 1227', 'assistant', '8329.00', NULL, NULL, 882, 218),
(362, '44575', 'Solomon J. Riggs', 'female', '1979-12-07', '0500 840682', 'assistant', '8940.00', NULL, NULL, 885, 210),
(363, '14881', 'Tobias N. Bailey', 'female', '1993-09-06', '07624 751213', 'assistant', '5560.00', NULL, NULL, 886, 228),
(364, '41637', 'Helen U. Wilcox', 'male', '1991-02-24', '056 5277 4483', 'assistant', '7533.00', NULL, NULL, 880, 242),
(365, '91912', 'Audrey R. Jacobs', 'female', '1982-03-14', '0816 463 6706', 'assistant', '9734.00', NULL, NULL, 881, 223),
(366, '80123', 'Willow R. Guerra', 'female', '1976-08-30', '0800 920149', 'assistant', '6667.00', NULL, NULL, 882, 218),
(367, '19068', 'Yuri Q. Lloyd', 'female', '1981-10-10', '07624 532614', 'assistant', '9284.00', NULL, NULL, 879, 244),
(368, '76604', 'Lenore E. Leblanc', 'male', '1971-02-11', '(0118) 979 2735', 'assistant', '5231.00', NULL, NULL, 881, 223),
(369, '58675', 'Yoshio U. Sexton', 'male', '1979-02-14', '07624 345657', 'assistant', '6344.00', NULL, NULL, 884, 204),
(370, '45001', 'Haley M. Price', 'female', '1985-12-14', '(016977) 0959', 'assistant', '9292.00', NULL, NULL, 882, 218),
(371, '02640', 'Myles Y. Woodard', 'female', '1983-06-17', '(018031) 20970', 'assistant', '6403.00', NULL, NULL, 881, 223),
(372, '15620', 'Jacob K. Nielsen', 'female', '1987-06-20', '(0112) 045 9121', 'assistant', '7736.00', NULL, NULL, 883, 206),
(373, '40032', 'Natalie M. Richardson', 'male', '1976-06-21', '0845 46 41', 'assistant', '8944.00', NULL, NULL, 884, 204),
(374, '17599', 'Amela F. Gutierrez', 'female', '1998-04-18', '07739 063888', 'assistant', '7850.00', NULL, NULL, 883, 216),
(375, '88645', 'Lawrence A. Dillard', 'female', '1992-02-05', '070 4822 5818', 'assistant', '5635.00', NULL, NULL, 883, 216),
(376, '60485', 'Tad M. Brock', 'male', '1978-05-09', '0966 715 9059', 'assistant', '9358.00', NULL, NULL, 886, 228),
(377, '71282', 'Emi T. Jarvis', 'female', '1987-10-26', '076 2363 4922', 'assistant', '5014.00', NULL, NULL, 880, 242),
(378, '37023', 'Thomas G. Patel', 'male', '1994-04-06', '0800 1111', 'assistant', '6400.00', NULL, NULL, 884, 204),
(379, '71633', 'Camden Q. Salazar', 'male', '1982-12-30', '055 6162 1091', 'assistant', '6095.00', NULL, NULL, 881, 223),
(380, '46361', 'Samuel S. Schwartz', 'male', '1997-07-31', '0969 138 0780', 'manager', '13500.00', '2020-02-10', '1200.00', 884, NULL),
(381, '60276', 'Georgia N. Long', 'male', '1999-10-27', '(01596) 19500', 'assistant', '8253.00', NULL, NULL, 883, 216),
(382, '79849', 'Nicole E. Harmon', 'female', '1996-04-29', '055 3919 1542', 'assistant', '6252.00', NULL, NULL, 881, 223),
(383, '87314', 'Winter F. Bray', 'male', '1981-07-30', '(0121) 572 9289', 'assistant', '5104.00', NULL, NULL, 883, 216),
(384, '23537', 'Kiayada C. Bonner', 'female', '1989-06-02', '0800 1111', 'assistant', '8713.00', NULL, NULL, 886, 228),
(385, '72017', 'Clio Y. Parrish', 'female', '1985-12-24', '0800 1111', 'assistant', '9719.00', NULL, NULL, 882, 218),
(386, '54938', 'Rhea N. Mckinney', 'female', '1992-11-02', '0800 1111', 'assistant', '8622.00', NULL, NULL, 882, 218),
(387, '37367', 'Deanna N. Zamora', 'female', '1982-02-14', '(015161) 58573', 'manager', '17500.00', '2017-02-10', '1200.00', 882, NULL),
(388, '99460', 'Hedy K. Webb', 'female', '1972-10-02', '(0115) 851 8932', 'assistant', '9826.00', NULL, NULL, 880, 242),
(389, '58406', 'Selma X. Bowman', 'female', '1977-10-04', '(016977) 3682', 'assistant', '8758.00', NULL, NULL, 879, 244),
(390, '51389', 'George D. Bean', 'female', '1986-08-24', '(01537) 98414', 'assistant', '9511.00', NULL, NULL, 881, 223),
(391, '85629', 'Garth T. Mcintosh', 'female', '1993-10-29', '0500 760259', 'manager', '17900.00', '2015-02-10', '1200.00', 881, NULL),
(392, '16283', 'Rogan P. Camacho', 'female', '1994-05-16', '0919 771 1418', 'manager', '19500.00', '2009-02-10', '1200.00', 885, NULL),
(393, '49757', 'Cody F. Murray', 'female', '1998-10-04', '07245 492459', 'manager', '15800.00', '2015-04-12', '1200.00', 879, NULL),
(394, '36073', 'Tashya Z. Chan', 'female', '1991-03-16', '0800 664 6581', 'assistant', '8291.00', NULL, NULL, 883, 216),
(395, '49937', 'Alma I. Hobbs', 'male', '1993-02-16', '(014460) 77930', 'manager', '21500.00', '2012-02-10', '1200.00', 886, NULL),
(396, '65747', 'Kelsey F. Patel', 'female', '1994-06-01', '(01231) 13144', 'manager', '14900.00', '2018-04-12', '1200.00', 880, NULL),
(397, '81801', 'Delilah K. Barber', 'female', '1995-01-14', '07624 956140', 'assistant', '6876.00', NULL, NULL, 883, 216),
(398, '85896', 'Josephine C. Stephenson', 'male', '1998-12-14', '0309 936 4565', 'assistant', '7893.00', NULL, NULL, 883, 216),
(399, '17577', 'Raven Q. Logan', 'male', '1987-12-17', '0343 955 4704', 'manager', '17500.00', '2017-02-10', '1200.00', 883, NULL),
(400, '96441', 'Taylor X. Jackson', 'male', '1996-09-22', '0800 503721', 'manager', '15600.00', '2014-10-29', '1200.00', 878, NULL);

-- --------------------------------------------------------

--
-- Table structure for table `viewing`
--

CREATE TABLE `viewing` (
  `viewingID` int(11) NOT NULL,
  `commet` text NOT NULL,
  `date` date NOT NULL,
  `propertyID` int(11) NOT NULL,
  `clientID` int(11) NOT NULL
) ENGINE=InnoDB DEFAULT CHARSET=utf8mb4;

--
-- Dumping data for table `viewing`
--

INSERT INTO `viewing` (`viewingID`, `commet`, `date`, `propertyID`, `clientID`) VALUES
(1, 'malesuada fringilla est. Mauris eu turpis.', '2015-12-04', 22, 118),
(2, 'Curabitur vel lectus. Cum sociis natoque penatibus et magnis dis parturient montes, nascetur ridiculus mus. Donec', '2019-05-20', 157, 136),
(3, 'Mauris nulla. Integer urna. Vivamus molestie dapibus ligula. Aliquam erat volutpat. Nulla dignissim. Maecenas ornare egestas ligula. Nullam', '2017-07-23', 173, 306),
(4, 'varius. Nam porttitor scelerisque neque. Nullam nisl. Maecenas malesuada fringilla est. Mauris eu', '2017-02-28', 76, 57),
(5, 'at, egestas a, scelerisque sed, sapien. Nunc pulvinar', '2016-04-03', 101, 352),
(6, 'tristique ac, eleifend vitae, erat. Vivamus nisi. Mauris nulla. Integer urna. Vivamus molestie dapibus ligula. Aliquam erat', '2016-09-08', 62, 289),
(7, 'tempor, est ac mattis', '2020-04-24', 89, 349),
(8, 'a, dui. Cras pellentesque. Sed', '2018-05-09', 144, 275),
(9, 'lobortis', '2019-10-27', 56, 97),
(10, 'aliquam arcu. Aliquam ultrices iaculis odio. Nam interdum enim non nisi. Aenean eget metus. In nec orci. Donec nibh. Quisque', '2020-10-12', 113, 376),
(11, 'risus. In mi pede, nonummy ut, molestie', '2017-04-05', 175, 68),
(12, 'mi felis, adipiscing fringilla, porttitor vulputate, posuere vulputate,', '2020-12-23', 163, 79),
(13, 'ipsum non', '2015-01-04', 108, 132),
(14, 'lacus. Nulla tincidunt, neque vitae semper egestas, urna justo faucibus lectus, a sollicitudin orci sem eget massa. Suspendisse eleifend. Cras', '2016-10-22', 173, 238),
(15, 'in consequat enim diam vel arcu. Curabitur ut odio vel est tempor bibendum. Donec felis orci, adipiscing non, luctus', '2016-05-21', 5, 368),
(16, 'diam dictum sapien. Aenean massa. Integer vitae nibh. Donec est mauris, rhoncus id, mollis nec, cursus a,', '2019-03-02', 193, 190),
(17, 'sociosqu ad litora torquent per conubia nostra, per inceptos hymenaeos. Mauris ut quam vel sapien imperdiet ornare. In faucibus.', '2021-02-12', 103, 110),
(18, 'metus facilisis lorem tristique aliquet. Phasellus fermentum convallis ligula. Donec luctus aliquet odio. Etiam ligula tortor,', '2021-01-11', 143, 221),
(19, 'Cum sociis natoque penatibus et magnis', '2016-10-04', 104, 49),
(20, 'diam. Proin dolor. Nulla', '2019-09-27', 15, 300),
(21, 'euismod mauris eu elit. Nulla facilisi. Sed neque. Sed eget lacus. Mauris non dui', '2015-01-28', 69, 340),
(22, 'velit eu sem. Pellentesque', '2015-06-06', 74, 79),
(23, 'Quisque tincidunt pede ac urna.', '2017-06-20', 2, 40),
(24, 'quis lectus. Nullam suscipit, est ac facilisis facilisis, magna tellus faucibus leo, in lobortis tellus', '2015-02-20', 89, 250),
(25, 'netus et malesuada', '2017-02-19', 174, 316),
(26, 'Vivamus sit amet risus. Donec egestas. Aliquam', '2017-11-01', 80, 72),
(27, 'mauris. Morbi non sapien molestie orci tincidunt adipiscing. Mauris molestie', '2020-04-13', 161, 181),
(28, 'massa lobortis ultrices. Vivamus rhoncus. Donec est. Nunc ullamcorper, velit in aliquet lobortis,', '2022-02-26', 74, 316),
(29, 'scelerisque mollis. Phasellus libero', '2017-08-09', 9, 99),
(30, 'ut, pellentesque eget, dictum placerat, augue. Sed molestie. Sed id risus quis diam', '2021-10-23', 66, 367),
(31, 'eu erat semper rutrum. Fusce dolor quam, elementum at, egestas a, scelerisque sed, sapien. Nunc', '2015-11-17', 147, 96),
(32, 'Nullam', '2018-03-12', 58, 258),
(33, 'mattis semper, dui lectus rutrum urna, nec', '2016-04-29', 169, 194),
(34, 'Aliquam gravida mauris ut mi. Duis risus odio, auctor', '2020-09-07', 64, 291),
(35, 'pede, nonummy ut, molestie in, tempus eu,', '2020-10-18', 198, 361),
(36, 'Nullam velit dui, semper', '2017-01-30', 28, 18),
(37, 'nibh. Phasellus nulla. Integer vulputate, risus a ultricies adipiscing, enim', '2020-04-18', 40, 347),
(38, 'nec, cursus a, enim. Suspendisse aliquet, sem ut cursus luctus, ipsum leo', '2016-09-09', 79, 95),
(39, 'vitae dolor. Donec fringilla. Donec feugiat metus sit', '2015-07-19', 87, 23),
(40, 'ac mattis velit justo nec ante. Maecenas mi', '2016-10-23', 169, 1),
(41, 'mauris, rhoncus id, mollis nec, cursus a, enim. Suspendisse aliquet, sem ut cursus luctus,', '2017-09-05', 58, 197),
(42, 'adipiscing lacus. Ut', '2020-01-19', 49, 364),
(43, 'arcu imperdiet ullamcorper. Duis at lacus. Quisque purus sapien, gravida non, sollicitudin a, malesuada', '2019-08-20', 41, 347),
(44, 'et malesuada fames', '2018-12-14', 33, 305),
(45, 'purus. Duis elementum, dui quis accumsan convallis, ante lectus convallis est, vitae sodales nisi magna sed dui.', '2016-02-09', 74, 344),
(46, 'Suspendisse aliquet molestie tellus. Aenean', '2018-11-02', 115, 151),
(47, 'in sodales elit erat vitae risus. Duis a mi fringilla mi lacinia mattis. Integer eu', '2021-12-17', 86, 8),
(48, 'primis in faucibus orci luctus', '2019-04-19', 5, 191),
(49, 'scelerisque neque sed sem egestas blandit. Nam nulla magna, malesuada vel,', '2022-02-16', 10, 15),
(50, 'a feugiat tellus lorem eu metus. In lorem. Donec elementum, lorem ut aliquam iaculis, lacus pede sagittis augue,', '2021-04-24', 70, 394),
(51, 'nulla. Donec non justo. Proin', '2020-11-23', 71, 26),
(52, 'lobortis. Class aptent taciti sociosqu ad litora', '2021-10-25', 7, 121),
(53, 'Pellentesque habitant morbi tristique senectus et netus et malesuada fames', '2019-03-14', 155, 290),
(54, 'tempus mauris erat eget ipsum. Suspendisse sagittis. Nullam vitae diam. Proin dolor. Nulla semper tellus id nunc interdum feugiat. Sed', '2016-09-22', 172, 180),
(55, 'ante ipsum primis in faucibus orci luctus et ultrices posuere cubilia Curae; Donec tincidunt. Donec vitae erat vel pede blandit', '2020-05-21', 198, 182),
(56, 'mollis non, cursus non, egestas a, dui. Cras pellentesque. Sed dictum. Proin eget odio. Aliquam vulputate ullamcorper', '2016-04-30', 151, 34),
(57, 'quis, pede. Suspendisse dui. Fusce diam nunc, ullamcorper eu, euismod', '2015-12-31', 111, 152),
(58, 'Etiam vestibulum massa rutrum magna. Cras', '2017-11-30', 170, 112),
(59, 'vulputate eu, odio. Phasellus at augue id ante dictum cursus. Nunc mauris elit, dictum eu, eleifend nec,', '2018-07-09', 26, 376),
(60, 'et netus et malesuada fames ac', '2019-04-20', 141, 361),
(61, 'eu, ligula. Aenean euismod mauris eu elit. Nulla facilisi. Sed neque. Sed eget lacus. Mauris', '2018-08-31', 30, 36),
(62, 'bibendum fermentum metus. Aenean sed pede nec ante blandit viverra. Donec tempus, lorem fringilla ornare placerat, orci lacus vestibulum lorem,', '2018-12-20', 21, 229),
(63, 'per', '2017-03-13', 137, 370),
(64, 'Vestibulum accumsan neque et nunc. Quisque ornare tortor at risus.', '2021-01-15', 139, 323),
(65, 'elit. Etiam laoreet, libero et tristique pellentesque, tellus sem mollis dui, in sodales elit', '2017-06-02', 186, 173),
(66, 'nec quam. Curabitur vel lectus. Cum sociis natoque penatibus et magnis dis parturient montes, nascetur ridiculus mus. Donec dignissim magna', '2020-09-20', 146, 304),
(67, 'odio a purus. Duis elementum, dui quis accumsan convallis, ante lectus convallis est, vitae', '2018-03-20', 163, 293),
(68, 'scelerisque neque sed sem', '2016-02-20', 97, 376),
(69, 'lectus. Nullam suscipit, est ac facilisis facilisis, magna tellus faucibus leo, in lobortis', '2019-08-29', 35, 38),
(70, 'nisi sem semper erat, in consectetuer ipsum nunc id enim. Curabitur massa. Vestibulum accumsan neque et nunc. Quisque ornare tortor', '2020-05-03', 26, 264),
(71, 'a neque. Nullam ut nisi a odio semper cursus. Integer mollis. Integer', '2019-06-27', 51, 366),
(72, 'risus, at fringilla purus mauris a nunc. In at', '2017-09-07', 197, 16),
(73, 'Cras pellentesque. Sed dictum. Proin eget odio. Aliquam vulputate ullamcorper magna. Sed eu eros. Nam consequat', '2019-02-23', 196, 212),
(74, 'id, erat. Etiam vestibulum massa rutrum magna. Cras convallis convallis dolor. Quisque tincidunt pede', '2015-09-20', 96, 69),
(75, 'sed dui. Fusce aliquam, enim nec tempus scelerisque, lorem ipsum sodales purus, in molestie tortor nibh sit amet', '2020-11-23', 93, 300),
(76, 'lectus pede et risus.', '2018-01-05', 87, 133),
(77, 'metus vitae velit', '2016-04-16', 43, 266),
(78, 'Curabitur massa. Vestibulum accumsan neque et nunc. Quisque ornare tortor at risus. Nunc ac', '2015-07-21', 185, 358),
(79, 'sed orci lobortis augue scelerisque mollis. Phasellus libero mauris, aliquam eu, accumsan sed, facilisis vitae, orci. Phasellus dapibus quam', '2015-04-03', 34, 269),
(80, 'sem. Pellentesque ut ipsum ac mi eleifend', '2021-12-02', 38, 32),
(81, 'Aenean', '2019-07-26', 75, 296),
(82, 'egestas, urna justo faucibus lectus, a sollicitudin orci sem eget massa. Suspendisse eleifend. Cras sed leo. Cras vehicula aliquet libero.', '2016-09-05', 9, 205),
(83, 'aliquam iaculis, lacus pede sagittis augue, eu tempor erat neque non quam. Pellentesque habitant', '2019-09-02', 48, 153),
(84, 'enim. Etiam imperdiet dictum magna. Ut tincidunt orci quis lectus. Nullam suscipit, est ac', '2017-02-22', 82, 138),
(85, 'erat nonummy ultricies ornare, elit elit fermentum risus, at fringilla purus mauris a', '2015-11-02', 52, 400),
(86, 'ante blandit viverra. Donec tempus,', '2019-05-06', 177, 57),
(87, 'libero. Integer in magna. Phasellus', '2019-10-07', 161, 142),
(88, 'luctus et ultrices posuere cubilia Curae; Donec tincidunt. Donec vitae erat vel pede blandit congue.', '2021-07-23', 5, 265),
(89, 'ridiculus', '2017-01-12', 185, 227),
(90, 'leo. Cras', '2020-01-17', 73, 128),
(91, 'vestibulum massa rutrum magna. Cras convallis convallis dolor. Quisque tincidunt pede ac urna. Ut tincidunt', '2022-01-08', 84, 21),
(92, 'nisi a odio semper cursus. Integer mollis. Integer tincidunt aliquam arcu. Aliquam ultrices iaculis odio. Nam interdum enim non', '2016-07-16', 135, 284),
(93, 'ante. Maecenas mi felis, adipiscing fringilla, porttitor vulputate, posuere vulputate,', '2019-05-24', 189, 122),
(94, 'arcu et pede. Nunc sed orci lobortis augue scelerisque mollis. Phasellus libero', '2020-06-06', 176, 325),
(95, 'Nam ligula elit, pretium et, rutrum non, hendrerit id, ante. Nunc mauris sapien, cursus in, hendrerit consectetuer,', '2017-06-20', 188, 191),
(96, 'malesuada vel, convallis in, cursus et, eros. Proin ultrices. Duis volutpat nunc sit amet metus. Aliquam erat volutpat. Nulla facilisis.', '2020-09-01', 173, 397),
(97, 'vitae, erat. Vivamus nisi. Mauris nulla. Integer urna. Vivamus molestie dapibus ligula. Aliquam erat volutpat. Nulla dignissim. Maecenas ornare', '2019-12-19', 146, 87),
(98, 'vulputate dui, nec tempus mauris erat eget ipsum. Suspendisse sagittis. Nullam vitae diam. Proin dolor. Nulla', '2021-09-04', 95, 298),
(99, 'tincidunt pede ac urna. Ut tincidunt vehicula risus. Nulla', '2018-02-08', 106, 100),
(100, 'Suspendisse sed dolor. Fusce mi lorem, vehicula et, rutrum eu, ultrices sit amet, risus.', '2020-06-23', 20, 297),
(101, 'dolor. Donec fringilla. Donec feugiat metus sit amet ante. Vivamus non', '2020-10-30', 164, 35),
(102, 'augue', '2020-08-23', 197, 128),
(103, 'elit sed consequat auctor, nunc nulla vulputate dui, nec tempus mauris erat eget ipsum. Suspendisse sagittis. Nullam vitae', '2015-05-29', 119, 65),
(104, 'pede ac urna. Ut tincidunt vehicula risus. Nulla eget metus eu erat semper rutrum. Fusce', '2018-07-12', 17, 112),
(105, 'posuere cubilia Curae; Donec tincidunt.', '2021-04-13', 33, 250),
(106, 'ante blandit viverra. Donec tempus, lorem fringilla ornare placerat, orci lacus vestibulum lorem, sit amet ultricies sem', '2018-07-26', 23, 85),
(107, 'Ut tincidunt vehicula risus. Nulla', '2017-07-04', 125, 333),
(108, 'Donec porttitor tellus non magna.', '2018-04-04', 138, 322),
(109, 'sed sem egestas blandit. Nam nulla magna, malesuada vel, convallis in, cursus et, eros. Proin ultrices. Duis volutpat nunc sit', '2018-10-16', 32, 309),
(110, 'sapien, cursus in, hendrerit consectetuer, cursus et, magna. Praesent interdum', '2017-04-14', 63, 69),
(111, 'ligula. Aenean gravida nunc sed pede.', '2018-12-07', 16, 259),
(112, 'lorem', '2019-01-14', 133, 386),
(113, 'Cras dictum ultricies ligula. Nullam enim. Sed nulla ante, iaculis nec, eleifend', '2019-07-14', 182, 387),
(114, 'ornare placerat, orci lacus vestibulum lorem, sit amet ultricies sem magna', '2016-03-04', 106, 81),
(115, 'mollis lectus pede et risus. Quisque libero lacus, varius et, euismod et,', '2022-01-30', 6, 315),
(116, 'litora torquent per conubia nostra, per inceptos hymenaeos. Mauris ut quam vel sapien imperdiet ornare. In faucibus. Morbi', '2015-02-04', 131, 220),
(117, 'mollis vitae, posuere at, velit. Cras lorem lorem, luctus ut,', '2016-10-11', 71, 241),
(118, 'Cras pellentesque. Sed dictum. Proin eget odio. Aliquam vulputate ullamcorper magna. Sed eu eros. Nam consequat dolor vitae dolor. Donec', '2015-08-13', 1, 61),
(119, 'quis, pede. Suspendisse dui. Fusce diam nunc, ullamcorper eu, euismod ac, fermentum vel, mauris. Integer sem elit,', '2017-10-14', 9, 29),
(120, 'pede. Suspendisse dui. Fusce diam nunc,', '2015-11-13', 105, 248),
(121, 'nec ante. Maecenas mi', '2019-04-03', 194, 109),
(122, 'est. Mauris eu turpis. Nulla aliquet. Proin velit. Sed malesuada augue ut lacus. Nulla tincidunt, neque vitae semper', '2020-07-11', 177, 253),
(123, 'Maecenas', '2021-11-18', 172, 67),
(124, 'Sed molestie. Sed id risus quis diam luctus lobortis. Class aptent taciti sociosqu ad litora', '2020-03-20', 166, 106),
(125, 'amet ante. Vivamus non lorem vitae odio', '2021-06-02', 29, 22),
(126, 'sagittis felis. Donec tempor, est ac mattis semper, dui lectus rutrum urna, nec luctus felis', '2017-06-19', 107, 222),
(127, 'Mauris blandit enim consequat purus. Maecenas', '2021-07-06', 173, 58),
(128, 'lectus justo eu arcu. Morbi sit amet massa. Quisque', '2015-11-17', 27, 105),
(129, 'tincidunt adipiscing. Mauris molestie pharetra nibh. Aliquam ornare, libero at auctor ullamcorper, nisl arcu iaculis enim, sit amet ornare', '2015-10-21', 193, 13),
(130, 'posuere', '2016-01-07', 111, 298),
(131, 'non, dapibus rutrum, justo. Praesent luctus. Curabitur egestas nunc sed libero. Proin sed turpis nec', '2018-03-08', 51, 15),
(132, 'enim. Suspendisse aliquet, sem ut cursus luctus, ipsum leo elementum sem, vitae aliquam eros turpis non enim. Mauris', '2017-12-08', 41, 77),
(133, 'vel, venenatis vel, faucibus id, libero. Donec consectetuer mauris', '2017-03-25', 1, 222),
(134, 'vestibulum lorem, sit amet ultricies', '2015-10-24', 199, 277),
(135, 'lacus pede sagittis augue, eu', '2021-07-03', 87, 138),
(136, 'congue. In scelerisque scelerisque dui. Suspendisse ac metus vitae velit egestas lacinia. Sed congue, elit sed', '2019-09-14', 49, 252),
(137, 'erat, eget tincidunt dui augue eu tellus. Phasellus elit pede, malesuada vel, venenatis vel, faucibus id,', '2021-08-18', 2, 136),
(138, 'Sed auctor odio a purus. Duis elementum, dui quis accumsan convallis, ante lectus convallis est, vitae sodales nisi magna sed', '2022-03-05', 197, 215),
(139, 'vestibulum nec, euismod in, dolor. Fusce', '2021-08-12', 77, 346),
(140, 'elit, pretium et, rutrum non, hendrerit id, ante. Nunc mauris sapien, cursus in, hendrerit consectetuer, cursus et,', '2018-03-09', 153, 251),
(141, 'augue ut lacus. Nulla tincidunt, neque vitae semper', '2016-10-12', 84, 382),
(142, 'euismod et, commodo at, libero. Morbi accumsan', '2022-04-02', 188, 136),
(143, 'nibh enim,', '2015-02-05', 36, 317),
(144, 'mauris a nunc. In at pede. Cras vulputate velit eu sem. Pellentesque ut ipsum ac mi eleifend egestas. Sed pharetra,', '2018-08-01', 133, 132),
(145, 'Maecenas mi felis, adipiscing fringilla, porttitor vulputate, posuere vulputate, lacus. Cras interdum. Nunc sollicitudin commodo ipsum. Suspendisse non', '2016-05-04', 12, 163),
(146, 'eu, ligula. Aenean euismod mauris eu elit. Nulla facilisi. Sed neque. Sed eget lacus. Mauris non dui nec urna', '2017-02-25', 188, 354),
(147, 'vitae odio sagittis semper. Nam tempor diam', '2016-03-08', 49, 47),
(148, 'habitant morbi tristique senectus et netus et malesuada fames ac turpis egestas. Aliquam fringilla cursus purus. Nullam', '2021-10-23', 106, 353),
(149, 'est tempor bibendum. Donec felis orci, adipiscing non, luctus sit amet, faucibus ut, nulla. Cras eu', '2020-01-31', 110, 395),
(150, 'magna nec quam. Curabitur vel lectus. Cum sociis natoque penatibus et magnis', '2020-01-20', 115, 183),
(151, 'et, euismod et, commodo at,', '2021-08-23', 152, 237),
(152, 'non, luctus sit', '2018-12-22', 114, 104),
(153, 'sagittis. Duis gravida. Praesent eu nulla at', '2018-12-09', 126, 277),
(154, 'facilisi. Sed neque. Sed eget lacus. Mauris non', '2019-03-26', 199, 317),
(155, 'et libero.', '2020-11-30', 148, 38),
(156, 'felis, adipiscing', '2019-06-08', 100, 212),
(157, 'Morbi accumsan laoreet ipsum. Curabitur consequat, lectus sit amet luctus vulputate, nisi sem semper erat, in consectetuer ipsum', '2015-12-31', 16, 185),
(158, 'Mauris vel turpis. Aliquam adipiscing lobortis risus. In mi pede, nonummy ut, molestie in, tempus eu, ligula.', '2019-05-25', 145, 147),
(159, 'dolor. Donec fringilla. Donec feugiat metus sit amet ante. Vivamus', '2018-11-27', 132, 355),
(160, 'Duis', '2021-05-08', 72, 99),
(161, 'dictum eleifend, nunc risus varius orci,', '2022-03-20', 109, 216),
(162, 'congue, elit sed consequat auctor, nunc nulla vulputate dui, nec tempus mauris erat eget ipsum. Suspendisse sagittis. Nullam vitae', '2018-11-24', 9, 285),
(163, 'ridiculus mus.', '2019-10-26', 111, 357),
(164, 'lorem, eget mollis', '2019-08-28', 133, 89),
(165, 'in faucibus orci luctus et ultrices', '2020-09-13', 84, 278),
(166, 'tellus non magna. Nam ligula elit, pretium et, rutrum non, hendrerit id, ante. Nunc mauris', '2016-09-09', 76, 102),
(167, 'Mauris ut quam vel sapien imperdiet ornare. In faucibus. Morbi vehicula. Pellentesque', '2017-11-05', 120, 256),
(168, 'commodo hendrerit. Donec porttitor tellus non magna. Nam ligula elit, pretium', '2016-10-05', 127, 196),
(169, 'Suspendisse eleifend. Cras sed', '2018-12-25', 25, 244),
(170, 'lobortis ultrices. Vivamus rhoncus. Donec est. Nunc ullamcorper, velit in aliquet lobortis, nisi nibh lacinia orci, consectetuer euismod est', '2017-01-28', 124, 303),
(171, 'ornare sagittis felis. Donec tempor, est ac mattis', '2015-02-08', 147, 26),
(172, 'lobortis. Class aptent taciti sociosqu ad litora torquent per', '2020-05-19', 49, 88),
(173, 'vel, venenatis vel, faucibus id, libero. Donec consectetuer mauris id sapien. Cras dolor', '2018-08-23', 153, 79),
(174, 'neque. Sed eget lacus. Mauris non dui nec', '2016-12-23', 119, 65),
(175, 'placerat eget, venenatis a, magna. Lorem ipsum dolor sit amet, consectetuer adipiscing elit. Etiam laoreet, libero et', '2016-09-19', 76, 224),
(176, 'hendrerit. Donec porttitor tellus non magna. Nam ligula elit, pretium et,', '2015-11-30', 100, 352),
(177, 'In nec orci. Donec nibh. Quisque nonummy ipsum non arcu. Vivamus', '2021-02-22', 129, 245),
(178, 'dolor. Quisque tincidunt pede ac urna. Ut tincidunt vehicula risus. Nulla eget metus eu erat semper', '2019-04-14', 165, 55),
(179, 'non lorem vitae odio sagittis semper. Nam tempor diam dictum sapien. Aenean massa. Integer vitae', '2015-06-07', 107, 290),
(180, 'suscipit, est ac facilisis facilisis, magna tellus faucibus leo,', '2020-10-25', 82, 39),
(181, 'Vestibulum accumsan neque et nunc. Quisque ornare tortor at risus. Nunc ac sem ut dolor', '2017-01-02', 48, 21),
(182, 'Suspendisse tristique neque venenatis lacus. Etiam bibendum', '2017-02-26', 37, 266),
(183, 'mattis. Integer eu lacus. Quisque imperdiet, erat nonummy ultricies ornare, elit', '2020-04-01', 73, 9),
(184, 'ut, molestie in, tempus eu, ligula. Aenean euismod mauris eu elit.', '2015-06-17', 51, 299),
(185, 'a neque. Nullam ut', '2016-09-20', 131, 136),
(186, 'a,', '2015-04-17', 92, 201),
(187, 'nunc sed pede. Cum sociis natoque', '2018-06-20', 195, 209),
(188, 'eget odio. Aliquam vulputate ullamcorper magna. Sed eu eros. Nam consequat dolor vitae dolor. Donec', '2020-03-15', 151, 196),
(189, 'nibh enim, gravida sit amet, dapibus id, blandit at, nisi. Cum sociis natoque penatibus et', '2016-05-12', 121, 30),
(190, 'non enim. Mauris quis turpis vitae purus gravida sagittis.', '2017-10-30', 197, 69),
(191, 'augue malesuada malesuada. Integer id magna et ipsum cursus vestibulum.', '2016-05-17', 28, 307),
(192, 'amet', '2022-04-06', 197, 275),
(193, 'pharetra. Quisque ac libero nec ligula consectetuer rhoncus. Nullam velit dui,', '2019-04-27', 177, 258),
(194, 'justo. Praesent luctus. Curabitur egestas', '2020-07-09', 124, 307),
(195, 'sociosqu ad litora torquent per conubia nostra, per inceptos hymenaeos. Mauris ut quam', '2019-05-12', 189, 154),
(196, 'congue turpis. In condimentum. Donec at arcu. Vestibulum ante ipsum', '2015-05-01', 183, 177),
(197, 'ligula consectetuer rhoncus. Nullam velit dui, semper', '2017-08-21', 171, 34),
(198, 'sit amet, risus.', '2016-06-01', 132, 203),
(199, 'ligula. Aliquam erat volutpat. Nulla dignissim. Maecenas ornare egestas ligula. Nullam feugiat', '2016-09-15', 94, 94),
(200, 'litora torquent per conubia nostra, per inceptos', '2018-08-15', 194, 305);

--
-- Indexes for dumped tables
--

--
-- Indexes for table `advertisement`
--
ALTER TABLE `advertisement`
  ADD PRIMARY KEY (`advertisementID`),
  ADD KEY `propertyID` (`propertyID`);

--
-- Indexes for table `branch`
--
ALTER TABLE `branch`
  ADD PRIMARY KEY (`branchID`),
  ADD KEY `managerID` (`managerID`);

--
-- Indexes for table `client`
--
ALTER TABLE `client`
  ADD PRIMARY KEY (`clientID`),
  ADD KEY `branchID` (`branchID`),
  ADD KEY `registeredByStaff` (`registeredByStaff`);

--
-- Indexes for table `lease`
--
ALTER TABLE `lease`
  ADD PRIMARY KEY (`leaseID`),
  ADD KEY `clientID` (`clientID`),
  ADD KEY `propertyID` (`propertyID`);

--
-- Indexes for table `owner`
--
ALTER TABLE `owner`
  ADD PRIMARY KEY (`ownerID`),
  ADD KEY `branchID` (`branchID`);

--
-- Indexes for table `property`
--
ALTER TABLE `property`
  ADD PRIMARY KEY (`propertyID`),
  ADD KEY `branchID` (`branchID`),
  ADD KEY `clientID` (`clientID`),
  ADD KEY `ownerID` (`ownerID`),
  ADD KEY `staffID` (`staffID`);

--
-- Indexes for table `staff`
--
ALTER TABLE `staff`
  ADD PRIMARY KEY (`staffID`),
  ADD UNIQUE KEY `staffID` (`staffID`),
  ADD KEY `branchID` (`branchID`),
  ADD KEY `supervisorID` (`supervisorID`);

--
-- Indexes for table `viewing`
--
ALTER TABLE `viewing`
  ADD PRIMARY KEY (`viewingID`),
  ADD KEY `clientID` (`clientID`),
  ADD KEY `propertyID` (`propertyID`);

--
-- AUTO_INCREMENT for dumped tables
--

--
-- AUTO_INCREMENT for table `advertisement`
--
ALTER TABLE `advertisement`
  MODIFY `advertisementID` int(11) NOT NULL AUTO_INCREMENT, AUTO_INCREMENT=101;

--
-- AUTO_INCREMENT for table `branch`
--
ALTER TABLE `branch`
  MODIFY `branchID` int(11) NOT NULL AUTO_INCREMENT, AUTO_INCREMENT=887;

--
-- AUTO_INCREMENT for table `client`
--
ALTER TABLE `client`
  MODIFY `clientID` int(11) NOT NULL AUTO_INCREMENT, AUTO_INCREMENT=401;

--
-- AUTO_INCREMENT for table `lease`
--
ALTER TABLE `lease`
  MODIFY `leaseID` int(11) NOT NULL AUTO_INCREMENT, AUTO_INCREMENT=1001;

--
-- AUTO_INCREMENT for table `owner`
--
ALTER TABLE `owner`
  MODIFY `ownerID` int(11) NOT NULL AUTO_INCREMENT, AUTO_INCREMENT=201;

--
-- AUTO_INCREMENT for table `property`
--
ALTER TABLE `property`
  MODIFY `propertyID` int(11) NOT NULL AUTO_INCREMENT, AUTO_INCREMENT=201;

--
-- AUTO_INCREMENT for table `staff`
--
ALTER TABLE `staff`
  MODIFY `staffID` int(11) NOT NULL AUTO_INCREMENT, AUTO_INCREMENT=401;

--
-- AUTO_INCREMENT for table `viewing`
--
ALTER TABLE `viewing`
  MODIFY `viewingID` int(11) NOT NULL AUTO_INCREMENT, AUTO_INCREMENT=201;

--
-- Constraints for dumped tables
--

--
-- Constraints for table `advertisement`
--
ALTER TABLE `advertisement`
  ADD CONSTRAINT `advertisement_ibfk_1` FOREIGN KEY (`propertyID`) REFERENCES `property` (`propertyID`);

--
-- Constraints for table `branch`
--
ALTER TABLE `branch`
  ADD CONSTRAINT `branch_ibfk_1` FOREIGN KEY (`managerID`) REFERENCES `staff` (`staffID`);

--
-- Constraints for table `client`
--
ALTER TABLE `client`
  ADD CONSTRAINT `client_ibfk_1` FOREIGN KEY (`branchID`) REFERENCES `branch` (`branchID`),
  ADD CONSTRAINT `client_ibfk_2` FOREIGN KEY (`registeredByStaff`) REFERENCES `staff` (`staffID`);

--
-- Constraints for table `lease`
--
ALTER TABLE `lease`
  ADD CONSTRAINT `lease_ibfk_1` FOREIGN KEY (`clientID`) REFERENCES `client` (`clientID`),
  ADD CONSTRAINT `lease_ibfk_2` FOREIGN KEY (`propertyID`) REFERENCES `property` (`propertyID`);

--
-- Constraints for table `owner`
--
ALTER TABLE `owner`
  ADD CONSTRAINT `owner_ibfk_1` FOREIGN KEY (`branchID`) REFERENCES `branch` (`branchID`);

--
-- Constraints for table `property`
--
ALTER TABLE `property`
  ADD CONSTRAINT `property_ibfk_1` FOREIGN KEY (`branchID`) REFERENCES `branch` (`branchID`),
  ADD CONSTRAINT `property_ibfk_2` FOREIGN KEY (`clientID`) REFERENCES `client` (`clientID`),
  ADD CONSTRAINT `property_ibfk_3` FOREIGN KEY (`ownerID`) REFERENCES `owner` (`ownerID`),
  ADD CONSTRAINT `property_ibfk_4` FOREIGN KEY (`staffID`) REFERENCES `staff` (`staffID`);

--
-- Constraints for table `staff`
--
ALTER TABLE `staff`
  ADD CONSTRAINT `staff_ibfk_1` FOREIGN KEY (`branchID`) REFERENCES `branch` (`branchID`),
  ADD CONSTRAINT `staff_ibfk_2` FOREIGN KEY (`supervisorID`) REFERENCES `staff` (`staffID`);

--
-- Constraints for table `viewing`
--
ALTER TABLE `viewing`
  ADD CONSTRAINT `viewing_ibfk_1` FOREIGN KEY (`clientID`) REFERENCES `client` (`clientID`),
  ADD CONSTRAINT `viewing_ibfk_2` FOREIGN KEY (`propertyID`) REFERENCES `property` (`propertyID`);
COMMIT;

/*!40101 SET CHARACTER_SET_CLIENT=@OLD_CHARACTER_SET_CLIENT */;
/*!40101 SET CHARACTER_SET_RESULTS=@OLD_CHARACTER_SET_RESULTS */;
/*!40101 SET COLLATION_CONNECTION=@OLD_COLLATION_CONNECTION */;
